segment,business,group_or_venues,website,suburb,street,kind,search_note
A,Linear Design + Construct,,https://www.linearconstructions.com.au/,Ascot,,renovation builder,Home renovation builders in Ascot
A,Human Nature Landscapes,,https://humannaturelandscapes.com.au/,Ascot / Morningside,,landscape designer and builder,"Design, construct and care for landscapes; Ascot and Morningside pages; owner Garth, 18+ yrs"
A,BAASTUDIO Architecture,,https://www.baastudio.com.au/,Brisbane,,residential architect,"Residential architect: new houses, renovations, extensions"
A,Boss Gardenscapes,,https://www.bossgardenscapes.com.au/,Brisbane,,landscape designer and builder,Family-owned garden creation; projects in Wilston and Ascot
A,Brisbane Pools and Landscapes,,https://www.brisbanepoolsandlandscapes.com.au/,Brisbane,,pool builder,"Luxury pool builder Brisbane, new pools and landscapes"
A,CU Design,,https://cudesign.com.au/,Brisbane,,property stylist / home staging,Property styling and home staging Brisbane page
A,Clare James Landscape Design,,https://clarejames.com.au/,Brisbane,,landscape designer,Award-winning Brisbane landscape and garden design studio
A,Create Joinery,,https://createjoinery.com.au/,Brisbane,,custom joinery,"Bespoke cabinetry for kitchens, wardrobes, living spaces"
A,Design Scapes,,https://designscapes.com.au/,Brisbane,,landscape designer,Brisbane landscape design team; Bulimba floodplain design notes
A,Emily McKenzie Interiors,,https://www.emilymckenzie.com/,Brisbane,,kitchen designer / custom joinery,"Award-winning Brisbane kitchen designer, custom joinery for builds and renos"
A,Home Staging Brisbane,,https://www.homestagingbrisbane.com/,Brisbane,,home staging,Home staging service in Brisbane
A,JDL Construction,,https://jdlconstruction.com.au/,Brisbane,,renovation builder,"Queenslander and character home renovations, custom new homes"
A,Norfolk Pools,,https://www.norfolkpools.com.au/,Brisbane,,pool builder,40+ yrs building concrete and plunge pools in Brisbane
A,Osborne & Co,,https://www.osborneandco.com.au/,Brisbane,,property stylist,'Style your property to sell' property styling service
A,Studio James Interiors,,https://www.studiojamesinteriors.com.au/,Brisbane,,interior designer and decorator,"Boutique Brisbane studio for residential interiors, styling and decoration"
A,Styled Property,,https://styledproperty.com.au/,Brisbane,,property stylist / home staging,"Property styling and home staging (vacant, occupied, partial) across Brisbane"
A,The Styled House,,https://www.thestyledhouse.com.au/,Brisbane,,property stylist / home staging,Furniture staging for occupied and vacant properties
A,Interior Solutions Brisbane,,https://www.interiorsolutionsbrisbane.com/,"Brisbane (Ascot, Bulimba, Hawthorne projects)",,interior designer,"20+ yrs; Queenslander projects in Ascot, Bulimba, Hawthorne"
A,Ecozen Pools and Landscapes,,https://ecozen.com.au/,Brisbane (Bulimba page),,pool builder,Family-owned luxury pools and landscape construction incl. Bulimba
A,HnT Constructions,,https://www.hnt.com.au/,Brisbane (Bulimba page),,custom home builder,"Luxury custom home builder, Bulimba"
A,Manttan Construction,,https://manttanconstruction.com.au/,Brisbane (Bulimba page),,renovation builder,"Home renovations and extensions in Bulimba, kitchens and layouts"
A,Rise Build,,https://www.risebuild.com.au/,Brisbane (Bulimba page),,builder,Bulimba builder building services
A,DS Architecture,,https://dsarchitecture.com.au/,Brisbane (Bulimba projects),,residential renovation architect,Residential renovation architects; several Bulimba Queenslander renovations
A,Yates Builders,,https://yatesbuilders.com.au/,"Brisbane (Bulimba, Rosalie pages)",,custom home builder,Family-owned multi-award luxury custom homes; Bulimba and Rosalie
A,Bishop Construction,,https://bishopconstruction.com.au/,"Brisbane (Bulimba, Teneriffe pages)",,renovation builder,"Family-owned 20 yrs; Queenslander renos, extensions, bathrooms in Bulimba/Teneriffe"
A,Just Add Water Pools,,https://justaddwaterpools.com.au/,Brisbane (Hamilton project),,pool builder,Luxury concrete pool project in Hamilton
A,Claire Stevens Interior Design,,https://www.clairestevensid.com.au/,Brisbane (Kangaroo Point projects),,interior designer,"Brisbane design studio, timeless projects incl. Kangaroo Point"
A,Rochele Interiors,,https://rocheleinteriors.com.au/,Brisbane (Kangaroo Point projects),,interior designer,Boutique interior design firm with Kangaroo Point projects
A,Creative Tiling QLD,,https://creativetiling.com.au/,Brisbane (Teneriffe page),,bathroom renovator,"Teneriffe apartment bathroom renovations, one team every trade"
A,LUSH Property Styling,,https://www.lushpropertystyling.com.au/,Brisbane / Bayside,,property stylist / home staging,"Home and investment property styling, Brisbane and Bayside"
A,TAP Bathrooms,,https://tapbathrooms.com/,Brisbane inner city,,bathroom renovator,Specialist bathroom builder 25+ yrs servicing inner-city Brisbane
A,Green Ink Garden Design,,https://greeninkgardendesign.com/,Brisbane inner north,,landscape designer,Inner-north designer (Michelle de Winter); Bulimba poolside landscape project
A,Brisbane Makeover Co.,,https://www.brisbanemakeover.com/,Bulimba,,home staging,Award-winning home staging and styling to sell; Bulimba address (directory also lists renovations under same name - verify)
A,Marilena Baynes Interiors,,https://www.marilenabaynesinteriors.com/,Bulimba,,interior designer,Bulimba-based designer for couples and families
A,Porch Light Interiors,,https://www.porchlightinteriors.com.au/,East Brisbane (near Kangaroo Point),,interior designer and decorator,East Brisbane interiors firm; West End apartment project
A,FOLAR,,https://folar.com.au/,Fortitude Valley,,architecture and interior practice,"Award-winning residential practice at Brunswick St, Fortitude Valley"
A,Quorum Studios,,https://www.qstudio.au/,Hamilton / Ascot,,residential architect,Queenslander renovations and character transformations in Hamilton and Ascot
A,The Garden Guy,,https://www.gardenguy.net.au/,Hawthorne,,landscape design and gardening,"Landscape design and gardening in Hawthorne, Bulimba, Morningside"
A,Ivy + Piper,,https://www.ivyandpiper.com.au/,Hawthorne / Bulimba,,interior designer,"Interior design studio servicing Hawthorne and Bulimba, residential and commercial"
A,Erica Fanning Interiors,,https://www.ericafanninginteriors.com.au/,New Farm,,interior designer,Bespoke residential interiors and high-end renovations; New Farm luxury interiors page
A,Flooring Bathrooms Interiors,,https://flooringbathroomsinteriors.com.au/,New Farm,,interior design boutique,"New Farm interior design boutique: bathrooms, kitchens, flooring"
A,Gary Hamer Interior Design,,https://www.garyhamerinteriors.com.au/,New Farm,,interior designer,"Based in New Farm, 20+ yrs; furnishing homes/apartments, serves Teneriffe/New Farm/Newstead"
A,Samantha Leigh Interiors,,https://www.samanthaleigh.com.au/,New Farm,,interior designer,"New Farm Residence project, reworked family home interior"
A,Shane Marsh Architect,,https://shanemarsh.com.au/,New Farm,,residential architect,"Residential and renovation architect for Brisbane, New Farm and inner-city suburbs"
A,Studio 15b,,https://www.studio15b.com.au/,New Farm,,architecture and interior practice,Boutique New Farm practice founded 2013 by Allison Smith
A,Arete Joinery,,https://aretejoinery.com.au/,Northgate,,custom joinery,Bespoke cabinet making from Northgate workshop; works with architects in Windsor
A,Bowerbird Collections,,https://bowerbirdcollections.com/,Paddington,,interior designer and stylist,"Interior design and styling from a Paddington studio, 20+ yrs experience"
A,PLOT Architecture,,https://www.plotarchitecture.com.au/,Paddington,,residential architect,Paddington studio focused on single residential projects
A,DC Luxury Homes,,https://dcluxuryhomes.com.au/,Paddington / Red Hill,,custom home and renovation builder,"High-end custom homes and renovations for Paddington, Red Hill, West End"
A,Unique Design Kitchens & Bathrooms,,https://www.uniquedesign.net.au/,Red Hill,,kitchen and bathroom renovator,"Bathroom and kitchen renovations, Red Hill page"
A,Blok Design,,https://www.blokdesign.com.au/,Teneriffe,,interior designer,'Sophistication in Teneriffe' residential interiors project journal
A,Gecko Kitchens,,https://www.geckokitchens.com.au/,"Upper Kedron (services Albion, Newstead)",,kitchen designer and cabinet maker,"Custom kitchens, laundries, wardrobes; services Albion and Newstead"
A,Attn: Landscapes,,https://attnlandscapes.com/,Wilston / Ascot,,landscape designer,"Design-only studio led by Shannon Trevisiol; works Wilston, Ascot, Clayfield"
B,Beautiful You by Nadia,,https://www.beautifulyoubynadia.com/,Bulimba,,beauty salon,Appointment-only facials/peels at 7 Apollo Rd; also has a business.site page
B,Biscuit Hair Studio,,https://www.biscuithairstudio.com/,Bulimba,,hair salon,Salon at 37 Oxford St precinct
B,Brisbane Empower Beauty,,https://brisbaneempowerbeauty.com/,Bulimba,,beauty salon,Lash and brow studio at 7 Apollo Rd
B,Byron Eve,,https://byroneve.com.au/,Bulimba,,beauty salon / skin clinic,"Boutique beauty salon on Oxford St, two studios"
B,Le Caprice Patisserie,,https://www.lecapricepatisserie.com/,Bulimba,,bakery,Authentic French patisserie at 151 Oxford St
B,Old Mr Rabbit,,https://www.oldmrrabbit.com.au/,Bulimba,,restaurant / bar,Lunch and dinner 7 days at 210 Oxford St
B,Organic Hair Studio Bulimba,,https://organichairspace.com/,Bulimba,,hair salon,Organic salon at 61 Oxford St
B,Oxford Street Hair,,https://www.oxfordstreethair.com.au/,Bulimba,,hair salon,"Makeovers, colour, extensions at 204 Oxford St"
B,b Hair,,https://www.bhair.com.au/,Bulimba,,hair salon,Colour/balayage salon at 77 Oxford St
B,Jolly Roger Bar,,https://jollyrogerbar.com/,Fortitude Valley,,bar,Pirate-themed rum bar in the Valley
B,La Barberia and Co,,https://la-barberia-co.square.site/,Fortitude Valley,,barber,Italian-style barber on St Pauls Tce; site on Square default subdomain
B,NOK NOK,,https://noknokbne.com.au/,Fortitude Valley,,bar,Cocktail bar at 362 Brunswick St; search result shows domain titled with gambling spam ('JASATOTO99 SLOT') - possibly hijacked/expired
B,Press Club,,https://pressclub.net.au/,Fortitude Valley,,bar,"Live music and cocktail bar, 339 Brunswick St"
B,RTM Blades,,https://rtmblades.com.au/,Fortitude Valley,,barber,"Small local barber on Wickham St, 15+ years"
B,Ryan.Co Barbershop,,https://www.ryancobarbershop.com.au/,Fortitude Valley,,barber,Appointment-based barbershop at 850 Ann St
B,Twin Palms Barbershop,,https://twinpalms.co/,Fortitude Valley,,barber,James St barbershop since 2017
B,Ingeborg Hair,,https://ingeborghair.com.au/,Hawthorne,,hair salon,Full-service salon at 42 Jenolan Ave
B,Kaitlyn Wagner Hairdressing,,https://kaitlynwagner.com.au/,Hawthorne,,hair salon,Blonde/balayage salon at 7 Lindsay St
B,Solace Hair and Body,,https://www.solacehairandbody.com.au/,Hawthorne,,hair salon,Salon at 38 Lindsay St
B,The Halo Room,,https://www.thehaloroom.com.au/,Hawthorne,,hair salon,Boutique salon at 46 Lindsay St
B,Department of Home and Gifts,,http://www.departmentofhomeandgifts.com.au/,New Farm,,homewares / gifts,Homewares shop on Brunswick St; search result shows site titled 'Coming Soon' and http only
B,Outside the Box,,https://outsidethebox.gallery/,New Farm,,gifts / art,Quirky gifts and art shop at 555 Brunswick St
B,Blondee Salon,,https://www.blondee.com.au/newsteadsalon,Newstead,,hair salon,Blonde/balayage salon at 33 Chester St
B,Club Bunker,,https://www.clubbunker.com.au/,Newstead,,gym,Independent 24/7 gym with CrossFit/HYROX
B,Fabulous Pilates and Yoga,,https://www.fabulouspilates.com.au/,Newstead,,pilates studio,Independent pilates and yoga studio in Newstead
B,Salon Soleil by Winter,,https://winter-106535.square.site/,Newstead,,hair salon,Blonde/extensions specialist; site on Square default subdomain
B,Salon X Papas,,https://salonxpapas.com/,Newstead,,hair salon,Award-winning salon at 18 Longland St
B,Togninis,,https://togninishair.com/,Newstead,,hair salon,"Award-winning salon, Skyring Tce"
B,Finish Beauty,,https://www.finishbeauty.me/,Paddington,,beauty salon,"Brow and lash lift specialist, 107 Latrobe Tce"
B,Maddisons Hair Design,,https://www.maddisonshairdesign.com.au/,Paddington,,hair salon,Colour specialist at 267 Given Tce; site title says 'Hairdresser Bardon'
B,Made. By Jessika,,https://www.madebyjessika.com.au/,Paddington,,beauty salon,"Cosmetic tattoo/skin/brows, 18 Nash St; result title shows 'B Indulged Clinic' (name mismatch)"
B,Maria Julio Beauty Studio,,https://www.mariajuliobeauty.studio/,Paddington,,beauty salon,"Cosmetic tattoo, lashes, skin at 244 Given Tce"
B,Mi Color Hair Specialists,,https://www.micolor.com.au/,Paddington,,hair salon,"Colour specialist salon at 106 Latrobe Tce, 7+ years"
B,Noir Paddington,,https://noirpaddington.com.au/,Paddington,,restaurant / bar,Paddington venue on Latrobe Tce
B,Paddi,,https://www.paddi.com.au/,Paddington,,cafe,Cafe at 233 Given Tce
B,Sally Williams Beauty,,https://www.sallywilliamsbeauty.com/lashes-brows,Paddington,,beauty salon,"Lash and brow salon, 173 Latrobe Tce"
B,Sol Hair,,https://solhair.com.au/,Paddington,,hair salon,Award-winning sustainable salon led by Kristie Sibson
B,Verve Hair,,https://vervehair.com/,Paddington,,hair salon,"Given Tce salon, 20+ years, Wella partner"
B,Rosalie Gourmet Market,,https://rosaliegourmet.com.au/pages/the-balcony,Rosalie,,deli / cafe,Family-run food hall and cafe on Baroona Rd since 1997
B,Aji Spice House,,https://ranunculus-glockenspiel-bw7m.squarespace.com/,Teneriffe,,cafe / restaurant,Asian fusion cafe; site on unbranded default Squarespace URL
B,Cult Coffee Brisbane,,https://www.cultbrisbane.com/,Teneriffe,,cafe,New cafe at 113 Commercial Rd
B,Amarsi Barbers,,https://amarsibarbers.com.au/,West End,,barber,Barber at 391 Montague Rd
B,Aster + Lilou,,https://www.asterandlilou.com/,West End,,fashion boutique,"Women's boutique, vintage/handmade/new, 153 Boundary St"
B,Don't Tell Boutique,,https://donttellboutique.com/,West End,,fashion boutique,Women's fashion and gifts at 173 Boundary St
B,Gum Bistro,,https://www.gumbistro.com/,West End,,restaurant,"Casual bistro, Qld produce, 237 Boundary St"
B,JJ Barbers,,https://jjbarbersbrisbane.com.au/services/,West End,,barber,Barber at 156 Boundary St
B,Jaz n Angel,,https://jaznangel.com.au/pages/jaznangel-store,West End,,fashion boutique,Fashion store at 83A Boundary St
B,Kalon Amara Barbers,,https://kalonamarabarbershop.com.au/,West End,,barber,Modern men's barbershop in West End
B,Kundalini Yoga Brisbane,,https://kundaliniyogabrisbane.com.au/,West End,,yoga studio,Kundalini studio on Sussex St
B,Lidos Boutique,,https://lidosboutique.com/,West End,,fashion boutique,"Curated women's clothing and gifts, 163 Boundary St"
B,Superthing,,https://www.superthing.com.au/,West End,,bakery,Croissanterie/bakery cafe at 215 Montague Rd
B,Tree Kids Yoga,,https://www.treekidsyoga.com/,West End,,yoga studio,Kids and family yoga at 205 Boundary St
B,Vela,,https://www.velabrisbane.com/,West End,,restaurant,"Modern Thai at West Village, 97 Boundary St"
B,West End Yoga,,https://westendyoga.org/,West End,,yoga studio,Community yoga studio at 404 Montague Rd
B,West End Yoga Centre,,https://westendyoga.com.au/,West End,,yoga studio,Iyengar yoga studio at 74 Vulture St
C,Adda@Oxford,,https://brisbaneadda.com.au/,Bulimba,Oxford Street,restaurant (Indian),Independent restaurant on the Oxford St strip
C,Darvella Patisserie,,https://darvellapatisserie.com/,Bulimba,37 Oxford Street,patisserie/deli,European-style patisserie and deli on Oxford St; cakes are made for social
C,IL MOLO,,https://www.ilmolo.com.au/,Bulimba,1B Oxford Street,restaurant (Italian),Riverfront Italian at the end of Oxford St; water views plus pasta
C,Melrose Restaurant,,https://www.melroserestaurant.com.au/,Bulimba,Oxford Street,restaurant + cocktail bar (Pan-Asian),Share-plate Pan-Asian and cocktails on Oxford St; very visual menu
C,Oxford 152,,https://www.oxford152.com.au/,Bulimba,152 Oxford Street,pub/bistro,"The only pub on Oxford St, with share plates and steaks; check ownership before outreach"
C,The Oxford Taphouse,,https://www.theoxfordtaphouse.com/,Bulimba,77 Oxford Street,craft beer bar,"Independent craft beer bar with rotating taps and weekly specials, so posts are needed often"
C,Calexico,,https://www.calexico.com.au/,Fortitude Valley,James Street,boutique retail (fashion),Independent James St womenswear/menswear boutique since 2010
C,Edito,,https://edito.com.au/,Fortitude Valley,145a James Street,boutique retail (fashion),Independent boutique stocking European designers; publishes its own James St guide
C,Finney Isles,,https://www.finneyisles.com.au/,Fortitude Valley,702 Ann Street,cocktail/wine bar,1920s-style 80-guest cocktail bar; moody interiors
C,Gemelli Italian (Gemelli Group),Gemelli Italian James St + Bar Tano (adjoining aperitivo bar); group also runs Gold Coast venues,https://gemelliitalian.com.au/,Fortitude Valley,15 James Street,restaurant + bar,Small family-run group (Carney brothers); twin venues side by side on James St give two looks in one shoot day
C,Samantha Ogilvie,,https://samanthaogilvie.com/,Fortitude Valley,"Shop 10, 19 James Street",boutique retail (fashion),"Independent designer boutique on James St since 2007, with an online store"
C,Savile Row,,https://www.savilerowbar.com.au/,Fortitude Valley,667 Ann Street,cocktail bar,"Hidden cocktail bar behind an orange door, with chandeliers and brass"
C,Hawthorne Garage,,https://www.hawthornegarage.com.au/,Hawthorne,285 Hawthorne Road,cafe/grocer,"Busy all-day cafe on Hawthorne Rd (6am-8pm), so content can cover the whole day"
C,Sister Cafe,,https://www.sister.cafe/,Hawthorne,2/273 Hawthorne Road,cafe,Brunch cafe known for its aesthetics on the Hawthorne Rd strip
C,A La Bonne Franquette,,https://www.alabonnefranquette.com.au/,New Farm,6/710 Brunswick Street,restaurant (French),Small French bistro in the 710 Brunswick St cluster
C,MK Cafe New Farm,,https://mkcafenewfarm.com/,New Farm,938 Brunswick Street,cafe/restaurant/bar,All-day cafe-bar on the Brunswick St strip near New Farm Park
C,New Farm Deli & Cafe,,https://www.newfarmdeli.com.au/,New Farm,900 Brunswick Street (Merthyr Village),deli/cafe,"Italian deli since 1975, rebuilt after a fire; strong heritage story and product shots"
C,TMC Fine Jewellers,,https://tmcfinejewellers.com/,New Farm,730 Brunswick Street,jeweller,Fast-growing jeweller (Smart50 2025) with its flagship showroom on Brunswick St; also has a Sydney showroom
C,Botany Restaurant & Bar,,https://botanynewstead.com.au/,Newstead,1/76 Skyring Terrace (Gasworks),restaurant/cocktail bar,"Plant-filled interior at Gasworks, from brunch to cocktails"
C,Evra Restaurant & Market,,https://www.evranewstead.com.au/,Newstead,18a Longland Street (Long Island precinct),restaurant + market,Opened 2025 with a rooftop farm that supplies the kitchen; strong farm-to-plate story
C,Nonda,,https://www.nonda.restaurant/,Newstead,Gasworks,restaurant (modern Japanese),Modern Japanese at Gasworks; refined plating
C,Artisans Bespoke Jewellers,,https://artisansbespokejewellers.com/,Paddington,98 Latrobe Terrace,jeweller,Owner-run bespoke jeweller with an in-house workshop; making-of footage is a natural offer
C,Attimi by Dario Manca,,https://www.attimi.com.au/,Paddington,224 Given Terrace,restaurant (Italian),Chef-led intimate Italian on Given Tce; plated dishes suit hero content
C,Bentley De Lisle,,https://bentleydelisle.com.au/,Paddington,229 Given Terrace,jeweller,"Family-owned custom jeweller, 25+ years, on Given Tce; bespoke rings suit macro/reel content"
C,Chapter IV Paddington,,https://www.chapterivpaddington.com/,Paddington,Given Terrace,cafe/restaurant,Independent Given Terrace venue in a strip of cafes; good candidate for a monthly content package
C,Given Kitchen & Bar,,https://www.givenpaddington.com.au/,Paddington,257A Given Terrace,restaurant/bar,"Day and night menus on Given Tce, so one shoot covers brunch and dinner content"
C,IL POSTO,,https://ilposto.com.au/,Paddington,107 Latrobe Terrace,restaurant (Italian),"Independent Italian on Latrobe Tce, near Frank's Social Club and Artisans"
C,Ngon Brisbane,,https://www.ngonbrisbane.com.au/,Paddington,183 Given Terrace,restaurant (Vietnamese),Independent Given Terrace restaurant; colourful dishes photograph well
C,Olive Paddington,,https://oliveonline.com.au/,Paddington,218 Given Terrace,boutique retail (fashion/homewares/gifts),Three-level lifestyle store with online shop; needs a steady flow of product content
C,Paddington Social,,https://paddingtonsocial.com.au/,Paddington,167 Given Terrace (cnr Alexandra St),cafe + Thai pop-up kitchen,Cafe in an old Queenslander with in-house pastries and a Thai pop-up; lots of visual variety
C,Barchetta Italian,,https://barchettaitalian.com/,Rosalie,6/151 Baroona Road,restaurant (Italian),Modern Italian in the Rosalie Village strip
C,AJI Spice House,,https://ajispicehouse.com.au/,Teneriffe,Shop 8/36 Vernon Terrace,cafe/bar,Cafe by day and cocktails at night in the Woolstores; posts weekly specials
C,Beccofino,,https://beccofino.com.au/,Teneriffe,10 Vernon Terrace,restaurant (Italian),Long-running Italian on the Vernon Tce strip
C,Danny's Bread,,https://www.dannys.net.au/,Teneriffe,113 Commercial Road,bakery,Artisan sourdough bakery since 2015; bakes and seasonal specials
C,KAMALA,,https://kamalaexperience.com/,Teneriffe,36 Vernon Terrace (London Woolstores),restaurant/bar (Indian),In the Vernon Tce woolstore dining cluster
C,Kin,,https://www.kinandcocafe.com/,Teneriffe,24 Macquarie Street,cafe,"Matcha, coffee and seasonal brunch; a photogenic cafe"
C,Musk Cafe and Bar,,https://muskcafeandbar.com.au/,Teneriffe,108 Macquarie Street,cafe/bar,"All-day brunch, matcha and wine on the Macquarie St strip"
C,Samson & Sophie,,https://www.samsonandsophie.com.au/,Teneriffe,2 Macquarie Street,cafe,Dog-friendly brunch cafe on Macquarie St (site says New Farm + Teneriffe)
C,Bar Francine (El Planta team),Bar Francine (West End) + El Planta,https://www.barfrancine.com/,West End,29A Vulture Street,wine bar,Two-venue local duo (Jory and Gibson) in a 100-year-old cottage; natural wine and European bites
C,Flying Colours,,https://www.flyingcoloursbar.com/,West End,63 Vulture Street,bar/restaurant,Courtyard plus warehouse dining on the Vulture St bar strip
C,The Boundary Hotel,,https://theboundary.com.au/,West End,137 Boundary Street,"pub (rooftop, backyard, laneway cafe)",Historic 1864 pub with several spaces and 5 weekly specials; check ownership before outreach
