segment,fit,business,group_or_venues,suburb,region,website,email,email_source_url,contact_first_name,phone,instagram,detail,detail_source_url,weakness,weakness_source_url,notes,checked_at
D,,Carmart,,Morayfield,Moreton Bay,https://www.carmart.com.au/,,,,+61 7 5497 8400,,,,,,"category: car or bike shop. our automated check: no problem found. segment D = site looks fine: offer is photos/video of premises, team and work, not a website. NOT VERIFIED: read the business's own site for email, detail and weakness",
D,,Hive Progressive Fitness,,Drive,Moreton Bay,https://hiveprogressivefitness.com.au/,,,,,https://www.instagram.com/hiveprogressivefitness,,,,,"category: gym or studio. our automated check: no problem found. segment D = site looks fine: offer is photos/video of premises, team and work, not a website. NOT VERIFIED: read the business's own site for email, detail and weakness",
D,,Aussie Brake & Clutch,,Drive,Moreton Bay,https://aussiebrakeandclutch.com.au/,,,,+61 7 5495 6655,,,,,,"category: mechanic. our automated check: no problem found. segment D = site looks fine: offer is photos/video of premises, team and work, not a website. NOT VERIFIED: read the business's own site for email, detail and weakness",
D,,Caboolture Auto Repairs,,Drive,Moreton Bay,https://www.cabooltureautorepairs.com/,,,,+61 7 5407 0276,,,,,,"category: mechanic. our automated check: no problem found. segment D = site looks fine: offer is photos/video of premises, team and work, not a website. NOT VERIFIED: read the business's own site for email, detail and weakness",
D,,Ultra Tune,,Caboolture,Moreton Bay,https://www.ultratune.com.au/stores/ultra-tune-caboolture/?store_title=Ultra+Tune+Caboolture,,,,+61 7 5330 3101,,,,,,"category: mechanic. our automated check: no problem found. segment D = site looks fine: offer is photos/video of premises, team and work, not a website. NOT VERIFIED: read the business's own site for email, detail and weakness",
D,,The Tech Den - Aquarium Supplies,,Caboolture,Moreton Bay,https://www.thetechden.com.au/,,,,+61 7 5432 3260,https://www.instagram.com/techdenaquariums,,,,,"category: pet business. our automated check: no problem found. segment D = site looks fine: offer is photos/video of premises, team and work, not a website. NOT VERIFIED: read the business's own site for email, detail and weakness",
D,,Allpets Caboolture Animal Hospital,,Road,Moreton Bay,https://allpets.com.au/,,,,+61 7 5495 8100,https://instagram.com/allpetscaboolture,,,,,"category: pet business. our automated check: no problem found. segment D = site looks fine: offer is photos/video of premises, team and work, not a website. NOT VERIFIED: read the business's own site for email, detail and weakness",
D,,Morayfield Family Law,,Drive,Moreton Bay,https://morayfieldfamilylaw.com.au/,,,,,,,,,,"category: professional services. our automated check: no problem found. segment D = site looks fine: offer is photos/video of premises, team and work, not a website. NOT VERIFIED: read the business's own site for email, detail and weakness",
D,,Jetts Fitness,,Bay,Redlands,https://www.jetts.com.au/clubs/jetts-redland-bay/,,,,+61 7 3139 1105,https://www.instagram.com/jettsaustralia,,,,,"category: gym or studio. our automated check: no problem found. segment D = site looks fine: offer is photos/video of premises, team and work, not a website. NOT VERIFIED: read the business's own site for email, detail and weakness",
D,,CrossFit 4165,,Bay,Redlands,https://www.crossfit4165.com.au/,,,,,https://www.instagram.com/crossfit_4165,,,,,"category: gym or studio. our automated check: no problem found. segment D = site looks fine: offer is photos/video of premises, team and work, not a website. NOT VERIFIED: read the business's own site for email, detail and weakness",
D,,Yoga with Audra,,Cleveland,Redlands,https://www.yogawithaudra.com.au/,,,,+61 409 870 356,https://www.instagram.com/etherearththerapies,,,,,"category: gym or studio. our automated check: no problem found. segment D = site looks fine: offer is photos/video of premises, team and work, not a website. NOT VERIFIED: read the business's own site for email, detail and weakness",
D,,Stepz Fitness Cleveland,,Ormiston,Redlands,https://stepzfitness.com.au/location/cleveland/,,,,+61 487 507 764,https://www.instagram.com/stepzfitness,,,,,"category: gym or studio. our automated check: no problem found. segment D = site looks fine: offer is photos/video of premises, team and work, not a website. NOT VERIFIED: read the business's own site for email, detail and weakness",
D,,Loco Mechanical,,Bay,Redlands,https://locomechanical.com.au/,,,,+61 7 3477 9000,https://www.instagram.com/locomechanical,,,,,"category: mechanic. our automated check: no problem found. segment D = site looks fine: offer is photos/video of premises, team and work, not a website. NOT VERIFIED: read the business's own site for email, detail and weakness",
D,,Skin and Body Club,,Currimundi,Sunshine Coast,https://skinbodyclub.com/,,,,+61 7 5493 1229,https://www.instagram.com/skinandbodyclub,,,,,"category: beauty salon. our automated check: no problem found. segment D = site looks fine: offer is photos/video of premises, team and work, not a website. NOT VERIFIED: read the business's own site for email, detail and weakness",
D,,Eyelusion,,Nirimba,Sunshine Coast,https://eyelusion.com.au/,,,,,https://www.instagram.com/eyelusion.sunshinecoast,,,,,"category: beauty salon. our automated check: no problem found. segment D = site looks fine: offer is photos/video of premises, team and work, not a website. NOT VERIFIED: read the business's own site for email, detail and weakness",
D,,Le CycloSportif,,Heads,Sunshine Coast,https://www.lecyclosportif.com.au/,,,,+61 461 335 059,https://www.instagram.com/lecyclo1,,,,,"category: car or bike shop. our automated check: no problem found. segment D = site looks fine: offer is photos/video of premises, team and work, not a website. NOT VERIFIED: read the business's own site for email, detail and weakness",
D,,Cricks Nambour,,Nambour,Sunshine Coast,https://cricksnambour.com.au/,,,,,https://www.instagram.com/cricks_nambour,,,,,"category: car or bike shop. our automated check: no problem found. segment D = site looks fine: offer is photos/video of premises, team and work, not a website. NOT VERIFIED: read the business's own site for email, detail and weakness",
D,,Spoke N Trail,,Noosaville,Sunshine Coast,https://www.spokentrail.com.au/,,,,+61 7 5231 9910,,,,,,"category: car or bike shop. our automated check: no problem found. segment D = site looks fine: offer is photos/video of premises, team and work, not a website. NOT VERIFIED: read the business's own site for email, detail and weakness",
D,,Casa Noosa,,Road,Sunshine Coast,https://casanoosainteriors.com.au/,,,,+61 7 5447 3722,https://www.instagram.com/casanoosa,,,,,"category: gift or homewares. our automated check: no problem found. segment D = site looks fine: offer is photos/video of premises, team and work, not a website. NOT VERIFIED: read the business's own site for email, detail and weakness",
D,,Sitting Around Sunshine Coast,,Way,Sunshine Coast,https://sittingaround.com.au/,,,,+61 7 5479 5502,https://www.instagram.com/sittingaround_maroochydore,,,,,"category: gift or homewares. our automated check: no problem found. segment D = site looks fine: offer is photos/video of premises, team and work, not a website. NOT VERIFIED: read the business's own site for email, detail and weakness",
D,,Noosa Mats & Rugs,,Road,Sunshine Coast,https://noosarugs.com.au/,,,,+61 458 457 869,https://www.instagram.com/noosarugs,,,,,"category: gift or homewares. our automated check: no problem found. segment D = site looks fine: offer is photos/video of premises, team and work, not a website. NOT VERIFIED: read the business's own site for email, detail and weakness",
D,,CrossFit Caloundra,,West,Sunshine Coast,https://crossfitcaloundra.com.au/,,,,+61 403 090 511,https://www.instagram.com/crossfitcaloundra,,,,,"category: gym or studio. our automated check: no problem found. segment D = site looks fine: offer is photos/video of premises, team and work, not a website. NOT VERIFIED: read the business's own site for email, detail and weakness",
D,,Flow Bouldering,,Drive,Sunshine Coast,https://flowbouldering.com.au/,,,,+61 476 165 950,https://www.instagram.com/flow_bouldering,,,,,"category: gym or studio. our automated check: no problem found. segment D = site looks fine: offer is photos/video of premises, team and work, not a website. NOT VERIFIED: read the business's own site for email, detail and weakness",
D,,Snap Fitness,,Street,Sunshine Coast,https://www.snapfitness.com/au/gyms/nambour,,,,,https://www.instagram.com/snapfitnessnambour,,,,,"category: gym or studio. our automated check: no problem found. segment D = site looks fine: offer is photos/video of premises, team and work, not a website. NOT VERIFIED: read the business's own site for email, detail and weakness",
D,,12RND Fitness Nambour,,,Sunshine Coast,https://12rnd.com.au/,,,,,https://www.instagram.com/ubxtraining,,,,,"category: gym or studio. our automated check: no problem found. segment D = site looks fine: offer is photos/video of premises, team and work, not a website. NOT VERIFIED: read the business's own site for email, detail and weakness",
D,,MG,,Avenue,Sunshine Coast,https://sunshinecoastmg.com.au,,,,+61 7 5490 2800,https://www.instagram.com/mgsunshinecoast,,,,,"category: mechanic. our automated check: no problem found. segment D = site looks fine: offer is photos/video of premises, team and work, not a website. NOT VERIFIED: read the business's own site for email, detail and weakness",
D,,ARB Caloundra,,,Sunshine Coast,https://www.arb.com.au/stores/arb-caloundra/,,,,+61 7 5491 4500,https://www.instagram.com/arb4x4,,,,,"category: mechanic. our automated check: no problem found. segment D = site looks fine: offer is photos/video of premises, team and work, not a website. NOT VERIFIED: read the business's own site for email, detail and weakness",
D,,Nambour Brake & Service Centre,,Road,Sunshine Coast,https://www.repcoservice.com/,,,,,,,,,,"category: mechanic. our automated check: no problem found. segment D = site looks fine: offer is photos/video of premises, team and work, not a website. NOT VERIFIED: read the business's own site for email, detail and weakness",
D,,GR Fleet Services,,Palmwoods,Sunshine Coast,https://www.grfleet.com.au/,,,,+61 7 5457 3066,,,,,,"category: mechanic. our automated check: no problem found. segment D = site looks fine: offer is photos/video of premises, team and work, not a website. NOT VERIFIED: read the business's own site for email, detail and weakness",
D,,ENZED Sunshine Coast,,Park,Sunshine Coast,https://enzed.com.au,,,,,,,,,,"category: mechanic. our automated check: no problem found. segment D = site looks fine: offer is photos/video of premises, team and work, not a website. NOT VERIFIED: read the business's own site for email, detail and weakness",
D,,Inner Wolf Canine Nutrition,,Place,Sunshine Coast,https://www.innerwolf.com.au/,,,,,https://www.instagram.com/innerwolfcaninenutrition,,,,,"category: pet business. our automated check: no problem found. segment D = site looks fine: offer is photos/video of premises, team and work, not a website. NOT VERIFIED: read the business's own site for email, detail and weakness",
D,,Australia Zoo Wildlife Hospital,,,Sunshine Coast,https://wildlifewarriors.org.au/wildlife_hospital/,,,,,https://www.instagram.com/wildlifewarriorsworldwide,,,,,"category: pet business. our automated check: no problem found. segment D = site looks fine: offer is photos/video of premises, team and work, not a website. NOT VERIFIED: read the business's own site for email, detail and weakness",
D,,Alex Mandry Family Lawyers Sunshine Coast,,Street,Sunshine Coast,https://alex-mandry.com.au/offices/family-lawyer-sunshine-coast/,,,,,https://www.instagram.com/amfamilylawyerssunshinecoast,,,,,"category: professional services. our automated check: no problem found. segment D = site looks fine: offer is photos/video of premises, team and work, not a website. NOT VERIFIED: read the business's own site for email, detail and weakness",
D,,Debt Rescue,,Heads,Sunshine Coast,https://debtrescue.com.au/,,,,,,,,,,"category: professional services. our automated check: no problem found. segment D = site looks fine: offer is photos/video of premises, team and work, not a website. NOT VERIFIED: read the business's own site for email, detail and weakness",
D,,Revive Financial,,Heads,Sunshine Coast,https://revivefinancial.com.au/,,,,,https://www.instagram.com/revivefinancialau,,,,,"category: professional services. our automated check: no problem found. segment D = site looks fine: offer is photos/video of premises, team and work, not a website. NOT VERIFIED: read the business's own site for email, detail and weakness",
D,,Ferrall & Co. Lawyers,,Street,Sunshine Coast,https://ferrallco.com.au/,,,,+61 7 5491 2159,https://www.instagram.com/ferrallcolawyers,,,,,"category: professional services. our automated check: no problem found. segment D = site looks fine: offer is photos/video of premises, team and work, not a website. NOT VERIFIED: read the business's own site for email, detail and weakness",
D,,Shanahan Family Law - Maroochydore,,Parade,Sunshine Coast,https://shanahanfamilylaw.com.au/,,,,+61 7 5408 4470,https://www.instagram.com/shanahan.family.law,,,,,"category: professional services. our automated check: no problem found. segment D = site looks fine: offer is photos/video of premises, team and work, not a website. NOT VERIFIED: read the business's own site for email, detail and weakness",
D,,Foot Health Clinic,,Village,Brisbane,https://www.foothealthclinic.com.au/,,,,+61 7 3289 6050,https://www.instagram.com/foothealthclinicaus,,,,,"category: allied health. our automated check: no problem found. segment D = site looks fine: offer is photos/video of premises, team and work, not a website. HEALTH SERVICE: no therapeutic claims or health advertising in any email. NOT VERIFIED: read the business's own site for email, detail and weakness",
D,,The Glow Centre,,Kenmore,Brisbane,https://glowcentre.com.au/,,,,,https://www.instagram.com/glowcentre,,,,,"category: allied health. our automated check: no problem found. segment D = site looks fine: offer is photos/video of premises, team and work, not a website. HEALTH SERVICE: no therapeutic claims or health advertising in any email. NOT VERIFIED: read the business's own site for email, detail and weakness",
D,,Narangba Chiropractic,,Narangba,Brisbane,https://www.narangbachiropractic.com.au/,,,,+61 7 3088 7049,https://www.instagram.com/narangbachiropractic,,,,,"category: allied health. our automated check: no problem found. segment D = site looks fine: offer is photos/video of premises, team and work, not a website. HEALTH SERVICE: no therapeutic claims or health advertising in any email. NOT VERIFIED: read the business's own site for email, detail and weakness",
D,,Little Window Counselling,,Corner,Brisbane,https://www.littlewindow.com.au/,,,,,https://www.instagram.com/little.window.psychology,,,,,"category: allied health. our automated check: no problem found. segment D = site looks fine: offer is photos/video of premises, team and work, not a website. HEALTH SERVICE: no therapeutic claims or health advertising in any email. NOT VERIFIED: read the business's own site for email, detail and weakness",
D,,Hawthorne Chiropractic,,Hawthorne,Brisbane,https://www.hawthornechiropractic.com.au,,,,+61 7 3899 4899,,,,,,"category: allied health. our automated check: no problem found. segment D = site looks fine: offer is photos/video of premises, team and work, not a website. HEALTH SERVICE: no therapeutic claims or health advertising in any email. NOT VERIFIED: read the business's own site for email, detail and weakness",
D,,Felicity Acupuncture and Herbal Clinic,,Keperra,Brisbane,https://www.felicityclinic.com.au,,,,+61 404 156 260,,,,,,"category: allied health. our automated check: no problem found. segment D = site looks fine: offer is photos/video of premises, team and work, not a website. HEALTH SERVICE: no therapeutic claims or health advertising in any email. NOT VERIFIED: read the business's own site for email, detail and weakness",
D,,My FootDr Podiatry Camp Hill,,Hill,Brisbane,https://www.myfootdr.com.au/our-clinics/camp-hill-podiatry-centre/,,,,,https://www.instagram.com/myfootdr,,,,,"category: allied health. our automated check: no problem found. segment D = site looks fine: offer is photos/video of premises, team and work, not a website. HEALTH SERVICE: no therapeutic claims or health advertising in any email. NOT VERIFIED: read the business's own site for email, detail and weakness",
D,,West End Wellness,,,Brisbane,https://www.westendwellness.com.au,,,,,,,,,,"category: allied health. our automated check: no problem found. segment D = site looks fine: offer is photos/video of premises, team and work, not a website. HEALTH SERVICE: no therapeutic claims or health advertising in any email. NOT VERIFIED: read the business's own site for email, detail and weakness",
D,,Penguin Podiatry,,,Brisbane,https://www.penguinpodiatry.com,,,,,https://www.instagram.com/penguinpodiatry,,,,,"category: allied health. our automated check: no problem found. segment D = site looks fine: offer is photos/video of premises, team and work, not a website. HEALTH SERVICE: no therapeutic claims or health advertising in any email. NOT VERIFIED: read the business's own site for email, detail and weakness",
D,,Inner Space Psychology,,Cotton,Brisbane,https://www.innerspacepsychology.com.au/,,,,,,,,,,"category: allied health. our automated check: no problem found. segment D = site looks fine: offer is photos/video of premises, team and work, not a website. HEALTH SERVICE: no therapeutic claims or health advertising in any email. NOT VERIFIED: read the business's own site for email, detail and weakness",
D,,Grow Therapies,,Grange,Brisbane,https://www.growtherapies.com.au/,,,,+61 7 3188 4115,https://www.instagram.com/growtherapies,,,,,"category: allied health. our automated check: no problem found. segment D = site looks fine: offer is photos/video of premises, team and work, not a website. HEALTH SERVICE: no therapeutic claims or health advertising in any email. NOT VERIFIED: read the business's own site for email, detail and weakness",
D,,The Spine Centre,,Newmarket,Brisbane,https://www.thespinecentre.com.au/,,,,+61 7 3356 1090,,,,,,"category: allied health. our automated check: no problem found. segment D = site looks fine: offer is photos/video of premises, team and work, not a website. HEALTH SERVICE: no therapeutic claims or health advertising in any email. NOT VERIFIED: read the business's own site for email, detail and weakness",
D,,First Choice Chiropractic,,,Brisbane,https://firstchoicechiropractic.com.au/chiropractor-underwood/,,,,,,,,,,"category: allied health. our automated check: no problem found. segment D = site looks fine: offer is photos/video of premises, team and work, not a website. HEALTH SERVICE: no therapeutic claims or health advertising in any email. NOT VERIFIED: read the business's own site for email, detail and weakness",
D,,TLC Acupuncture Clinic,,Hamilton,Brisbane,https://www.tlcacupuncture.com.au/,,,,,https://www.instagram.com/tlcacupuncture,,,,,"category: allied health. our automated check: no problem found. segment D = site looks fine: offer is photos/video of premises, team and work, not a website. HEALTH SERVICE: no therapeutic claims or health advertising in any email. NOT VERIFIED: read the business's own site for email, detail and weakness",
D,,Anwen King,,,Brisbane,https://www.anwenking.com.au/,,,,+61 402 213 559,,,,,,"category: allied health. our automated check: no problem found. segment D = site looks fine: offer is photos/video of premises, team and work, not a website. HEALTH SERVICE: no therapeutic claims or health advertising in any email. NOT VERIFIED: read the business's own site for email, detail and weakness",
D,,True North Psychology,,Road,Brisbane,https://www.truenorthpsychology.com.au/,,,,+61 7 3856 0004,,,,,,"category: allied health. our automated check: no problem found. segment D = site looks fine: offer is photos/video of premises, team and work, not a website. HEALTH SERVICE: no therapeutic claims or health advertising in any email. NOT VERIFIED: read the business's own site for email, detail and weakness",
D,,Podiatry @ Sports and Spinal Springfield,,Drive,Brisbane,https://www.sportsandspinalphysio.com.au/locations/springfield-sports-and-spinal-podiatry/,,,,+61 7 3085 0100,https://www.instagram.com/sports.and.spinal,,,,,"category: allied health. our automated check: no problem found. segment D = site looks fine: offer is photos/video of premises, team and work, not a website. HEALTH SERVICE: no therapeutic claims or health advertising in any email. NOT VERIFIED: read the business's own site for email, detail and weakness",
D,,Stride Footcare,,End,Brisbane,https://www.stridefootcare.com.au/,,,,,https://www.instagram.com/stridefootcare,,,,,"category: allied health. our automated check: no problem found. segment D = site looks fine: offer is photos/video of premises, team and work, not a website. HEALTH SERVICE: no therapeutic claims or health advertising in any email. NOT VERIFIED: read the business's own site for email, detail and weakness",
D,,The Place Within,,End,Brisbane,https://www.theplacewithin.com.au/,,,,,http://instagram.com/theplacewithin.westend,,,,,"category: allied health. our automated check: no problem found. segment D = site looks fine: offer is photos/video of premises, team and work, not a website. HEALTH SERVICE: no therapeutic claims or health advertising in any email. NOT VERIFIED: read the business's own site for email, detail and weakness",
D,,North Brisbane Wholistic Health Centre,,Stafford,Brisbane,https://shaunpriceacupuncture.com.au,,,,+61 7 3855 4188,https://www.instagram.com/shaunprice_acupuncture,,,,,"category: allied health. our automated check: no problem found. segment D = site looks fine: offer is photos/video of premises, team and work, not a website. HEALTH SERVICE: no therapeutic claims or health advertising in any email. NOT VERIFIED: read the business's own site for email, detail and weakness",
D,,YourBodyWorks,,Park,Brisbane,https://www.yourbodyworks.com.au/,,,,+61 7 3857 0511,https://www.instagram.com/yourbodyworks,,,,,"category: allied health. our automated check: no problem found. segment D = site looks fine: offer is photos/video of premises, team and work, not a website. HEALTH SERVICE: no therapeutic claims or health advertising in any email. NOT VERIFIED: read the business's own site for email, detail and weakness",
B,,Sunkids Calamvale Central,,Calamvale,Brisbane,https://sunkids.com.au/centres/calamvale-central/,,,,,https://www.instagram.com/SunkidsChildrensCentres,,,,,"category: childcare. our automated check: slow to load (3.1s). HEALTH SERVICE: no therapeutic claims or health advertising in any email. NOT VERIFIED: read the business's own site for email, detail and weakness",
D,,Kidz Magic,,Hill,Brisbane,https://kidzmagic.com.au/,,,,+61 7 3557 7197,https://www.instagram.com/kidzmagicau,,,,,"category: childcare. our automated check: no problem found. segment D = site looks fine: offer is photos/video of premises, team and work, not a website. HEALTH SERVICE: no therapeutic claims or health advertising in any email. NOT VERIFIED: read the business's own site for email, detail and weakness",
D,,Kids Academy Early Learning Runcorn,,Street,Brisbane,https://kidsacademyelc.com.au/qld/runcorn/,,,,,https://www.instagram.com/kidsacademyearlylearning,,,,,"category: childcare. our automated check: no problem found. segment D = site looks fine: offer is photos/video of premises, team and work, not a website. HEALTH SERVICE: no therapeutic claims or health advertising in any email. NOT VERIFIED: read the business's own site for email, detail and weakness",
D,,C&K Banks Street Newmarket Preschooling Centre,,Newmarket,Brisbane,https://www.candk.asn.au/banksstreet,,,,+61 7 3352 6940,https://www.instagram.com/ck_banks_st_kindy,,,,,"category: childcare. our automated check: no problem found. segment D = site looks fine: offer is photos/video of premises, team and work, not a website. HEALTH SERVICE: no therapeutic claims or health advertising in any email. NOT VERIFIED: read the business's own site for email, detail and weakness",
D,,Milestones Early Learning Hillcrest,,Street,Brisbane,https://milestones.com.au/qld/hillcrest/,,,,,https://www.instagram.com/milestonesearlylearning,,,,,"category: childcare. our automated check: no problem found. segment D = site looks fine: offer is photos/video of premises, team and work, not a website. HEALTH SERVICE: no therapeutic claims or health advertising in any email. NOT VERIFIED: read the business's own site for email, detail and weakness",
D,,Kaleidoscope Kids Early Learning Centre - Rothwell,,Rothwell,Brisbane,https://kkids.com.au/rothwell-centre/,,,,+61 7 2100 0877,https://www.instagram.com/kkidsgoodna,,,,,"category: childcare. our automated check: no problem found. segment D = site looks fine: offer is photos/video of premises, team and work, not a website. HEALTH SERVICE: no therapeutic claims or health advertising in any email. NOT VERIFIED: read the business's own site for email, detail and weakness",
D,,Uniting Early Learning Aspley,,Aspley,Brisbane,https://uel.org.au/aspley/,,,,,,,,,,"category: childcare. our automated check: no problem found. segment D = site looks fine: offer is photos/video of premises, team and work, not a website. HEALTH SERVICE: no therapeutic claims or health advertising in any email. NOT VERIFIED: read the business's own site for email, detail and weakness",
D,,The Grove Early Learning,,,Brisbane,https://www.thegroveearlylearning.com.au/,,,,+61 7 3856 4444,,,,,,"category: childcare. our automated check: no problem found. segment D = site looks fine: offer is photos/video of premises, team and work, not a website. HEALTH SERVICE: no therapeutic claims or health advertising in any email. NOT VERIFIED: read the business's own site for email, detail and weakness",
D,,Papilio Early Learning Wakerley,,Wakerley,Brisbane,https://papilio.com.au/qld/wakerley/,,,,,https://www.instagram.com/papilioearlylearning,,,,,"category: childcare. our automated check: no problem found. segment D = site looks fine: offer is photos/video of premises, team and work, not a website. HEALTH SERVICE: no therapeutic claims or health advertising in any email. NOT VERIFIED: read the business's own site for email, detail and weakness",
D,,Early Learning Centre,,,Brisbane,https://springfieldlakesearlylearning.com.au/,,,,,https://www.instagram.com/busybees_au,,,,,"category: childcare. our automated check: no problem found. segment D = site looks fine: offer is photos/video of premises, team and work, not a website. HEALTH SERVICE: no therapeutic claims or health advertising in any email. NOT VERIFIED: read the business's own site for email, detail and weakness",
D,,Avenues Early Learning Centre - Parkinson,,Parkinson,Brisbane,https://avenueschildcare.com.au/our-centres/parkinson/,,,,,,,,,,"category: childcare. our automated check: no problem found. segment D = site looks fine: offer is photos/video of premises, team and work, not a website. HEALTH SERVICE: no therapeutic claims or health advertising in any email. NOT VERIFIED: read the business's own site for email, detail and weakness",
D,,Smart Start Early Learning Centre,,Plains,Brisbane,https://smart-start.com.au/,,,,+61 7 3814 1188,https://www.instagram.com/smartstart_elc,,,,,"category: childcare. our automated check: no problem found. segment D = site looks fine: offer is photos/video of premises, team and work, not a website. HEALTH SERVICE: no therapeutic claims or health advertising in any email. NOT VERIFIED: read the business's own site for email, detail and weakness",
D,,Edge Early Learning,,End,Brisbane,https://www.edgeearlylearning.com.au/west-end-jane-st/,,,,+61 7 3844 1395,https://www.instagram.com/edgeearlylearning,,,,,"category: childcare. our automated check: no problem found. segment D = site looks fine: offer is photos/video of premises, team and work, not a website. HEALTH SERVICE: no therapeutic claims or health advertising in any email. NOT VERIFIED: read the business's own site for email, detail and weakness",
D,,Mother Duck Childcare,,,Brisbane,https://www.motherduck.com.au/,,,,,https://www.instagram.com/motherduckchildcare_,,,,,"category: childcare. our automated check: no problem found. segment D = site looks fine: offer is photos/video of premises, team and work, not a website. HEALTH SERVICE: no therapeutic claims or health advertising in any email. NOT VERIFIED: read the business's own site for email, detail and weakness",
D,,AEIOU Foundation,,Hills,Brisbane,https://aeiou.org.au,,,,,http://instagram.com/aeioufoundation,,,,,"category: childcare. our automated check: no problem found. segment D = site looks fine: offer is photos/video of premises, team and work, not a website. HEALTH SERVICE: no therapeutic claims or health advertising in any email. NOT VERIFIED: read the business's own site for email, detail and weakness",
D,,Kindy Patch Grovely,,Keperra,Brisbane,https://www.kindypatch.com.au/our-centres/childcare-keperra,,,,,,,,,,"category: childcare. our automated check: no problem found. segment D = site looks fine: offer is photos/video of premises, team and work, not a website. HEALTH SERVICE: no therapeutic claims or health advertising in any email. NOT VERIFIED: read the business's own site for email, detail and weakness",
D,,Sparrow Early Learning,,Samson,Brisbane,https://www.sparrowearlylearning.com.au/,,,,,https://www.instagram.com/sparrowearlylearningcentres,,,,,"category: childcare. our automated check: no problem found. segment D = site looks fine: offer is photos/video of premises, team and work, not a website. HEALTH SERVICE: no therapeutic claims or health advertising in any email. NOT VERIFIED: read the business's own site for email, detail and weakness",
D,,Kummara Early Years Service,,Inala,Brisbane,https://www.kummara.org.au/kummara-early-years-service-keys,,,,,,,,,,"category: childcare. our automated check: no problem found. segment D = site looks fine: offer is photos/video of premises, team and work, not a website. HEALTH SERVICE: no therapeutic claims or health advertising in any email. NOT VERIFIED: read the business's own site for email, detail and weakness",
D,,Rochedale Kids Early Learning Centre,,Rochedale,Brisbane,https://kidselc.com.au/centers/rochedale-kidsearlylearningcentre/,,,,,https://www.instagram.com/kidselc,,,,,"category: childcare. our automated check: no problem found. segment D = site looks fine: offer is photos/video of premises, team and work, not a website. HEALTH SERVICE: no therapeutic claims or health advertising in any email. NOT VERIFIED: read the business's own site for email, detail and weakness",
D,,The Hills Montessori,,Hills,Brisbane,https://thehillsmontessori.com.au/,,,,+61 7 3824 4244,https://www.instagram.com/thehillsmontessori,,,,,"category: childcare. our automated check: no problem found. segment D = site looks fine: offer is photos/video of premises, team and work, not a website. HEALTH SERVICE: no therapeutic claims or health advertising in any email. NOT VERIFIED: read the business's own site for email, detail and weakness",
D,,Kids Club Child Care Hamilton,,,Brisbane,https://www.kidsclubchildcare.com.au/hamilton/,,,,,https://www.instagram.com/kidsclubchildcare,,,,,"category: childcare. our automated check: no problem found. segment D = site looks fine: offer is photos/video of premises, team and work, not a website. HEALTH SERVICE: no therapeutic claims or health advertising in any email. NOT VERIFIED: read the business's own site for email, detail and weakness",
D,,Footprints Sunnybank Child Care Centre,,Sunnybank,Brisbane,https://kal.au/centres/footprints-sunnybank,,,,+61 7 3423 8663,,,,,,"category: childcare. our automated check: no problem found. segment D = site looks fine: offer is photos/video of premises, team and work, not a website. HEALTH SERVICE: no therapeutic claims or health advertising in any email. NOT VERIFIED: read the business's own site for email, detail and weakness",
