business,region,category,website_domain,instagram,facebook
The Brass,Brisbane,cafe,,,https://www.facebook.com/profile.php?id=100093799565639
Bardon Thyme,Brisbane,cafe,,https://www.instagram.com/bardonthyme/?hl=en,
Graceville Moments Cafe,Brisbane,cafe,,,https://www.facebook.com/gracevillemoments/
Remedy Espresso Cafe,Brisbane,cafe,,,https://www.facebook.com/remedyec/
Story Behind The Coffee,Brisbane,cafe,,,https://www.facebook.com/storybehindthecoffee/
Coffee Warden,Brisbane,cafe,,,https://www.facebook.com/Coffee-Warden-Sandgate-380818316058328/
Paper Moon Coffee House and Functions,Brisbane,cafe,,,https://www.facebook.com/profile.php?id=61584852192002
"Bancroft Roasters, Bardon",Brisbane,cafe,,,https://m.facebook.com/story.php?story_fbid=2013500125499490&id=487145808134937&sfnsn=mo
Dropout Espresso,Brisbane,cafe,,,https://www.facebook.com/Dropout-espresso-110045364260266/
Canter & Colt,Brisbane,cafe,,,https://www.facebook.com/canterandcolt
Coffee on the Way,Brisbane,cafe,,,https://www.facebook.com/people/Coffee-on-the-Way/100057414793271/
Proud To Serve,Brisbane,cafe,,,https://www.facebook.com/people/PROUD-to-SERVE/100083122461252/
Fraser's Newstead,Brisbane,cafe,,https://www.instagram.com/frasersnewstead/,
Vinty Bean,Brisbane,cafe,,https://www.instagram.com/vintybean/,
The Woolshed.,Brisbane,cafe,,https://www.instagram.com/woolshed.bne/,
Rooka Acai,Brisbane,cafe,,https://www.instagram.com/rookaacai,
Little Red Providore,Brisbane,cafe,,,https://www.facebook.com/littleredprovidore/
Sundays Cafe,Brisbane,cafe,,,https://www.facebook.com/SundaysCoffeeHouseRocklea/
Pimnipa Thai Kitchen,Brisbane,restaurant,,,https://m.facebook.com/61579010138892/
Block House Coffe,Brisbane,restaurant,,,https://www.facebook.com/Blockhouseeatdrink/
Sushi Gruhi,Brisbane,restaurant,,,https://www.facebook.com/sushiaruhi/
Graceville Pizza,Brisbane,restaurant,,,https://www.facebook.com/GracevillePizza/
Momiji,Brisbane,restaurant,,,https://www.facebook.com/MomijiJapaneseRestaurant/
Caxton Street Brewing Co,Brisbane,restaurant,,https://www.instagram.com/caxtonstreetbrewing/?hl=en,
Yabby Road,Brisbane,takeaway,,,https://www.facebook.com/yabbeyroad/
Kebab & Charcoal Place,Brisbane,takeaway,,,https://www.facebook.com/kebabncharcoalplace
G-Free Donuts,Brisbane,takeaway,,https://www.instagram.com/gfreedonuts.uq,
Red Dolphin Seafoods,Brisbane,takeaway,,,https://www.facebook.com/profile.php?id=100071592963125
Flat Lizard Brewing,Brisbane,bar or pub,,,https://www.facebook.com/flatlizardbrewing/
Ferny Way Bakery,Brisbane,bakery,,,https://www.facebook.com/Ferny-Way-Bakery-689190028097407/
Karana Krusty Bakery,Brisbane,bakery,,,https://www.facebook.com/Bakery-Karana-Downs-624286981023430/
Scotty Barberino's Barber Shop,Brisbane,barber or hairdresser,,,https://facebook.com/scottybarberinos/
Crown and Co Barbers,Brisbane,barber or hairdresser,,,https://www.facebook.com/crownandcobarbers/?ref=page_internal
Bella Vision Hair Studio,Brisbane,barber or hairdresser,,,https://www.facebook.com/bellavisionhairstudio132
Brass Knuckles Barber,Brisbane,barber or hairdresser,,https://www.instagram.com/brassknuckles_barber/,
Kin Barbershop,Brisbane,barber or hairdresser,kinbarbershop.square.site,,https://www.facebook.com/p/Kin-Barbershop-61557611918699
Terry Dobie Hairdressing,Brisbane,barber or hairdresser,terrydobiehair.wixsite.com,,https://www.facebook.com/Terrydobiehair/
Nail Today,Brisbane,beauty salon,,,https://www.facebook.com/profile.php?id=100063881476277
Kadison And Lealta,Brisbane,florist,,,https://www.facebook.com/kadisonandlealta/
Canary Lane,Brisbane,boutique,,,https://www.facebook.com/Canary-Lane-686290855153091/
Shady Dayz Gifts & Homewares,Brisbane,gift or homewares,,,https://www.facebook.com/shadydayzgifts/
Petrie 2nd Hand Furniture,Brisbane,gift or homewares,petrie-secondhand-furniture.business.site,,https://www.facebook.com/people/Petrie-secondhand-furniture/100057573274067/
Cherished Creations,Brisbane,gift or homewares,,,https://www.facebook.com/cherishedcreationshandmade/
Makers on Main,Brisbane,gift or homewares,,,https://www.facebook.com/Makers-On-Main-281063809243994/
Shear Designz,Brisbane,pet business,,,https://www.facebook.com/caninestylist.com.au/
Next Up Performance & Dyno Tuning,Brisbane,mechanic,,,https://www.facebook.com/next.up.5/
Prince Auto & Tyre Service,Brisbane,mechanic,,,https://www.facebook.com/princeauto111/
Ascot Automotive,Brisbane,mechanic,,,https://www.facebook.com/ascotautomotive4007/
Dinmore Fruit Barn,Brisbane,deli or specialty food,,,https://www.facebook.com/pages/Dinmore-Fruit-Barn/190399727707208
Mrs Delicious,Cairns,cafe,,,https://www.facebook.com/photo/?fbid=122113102580862715&set=a.122095944620862715
Sushi Roll King,Cairns,restaurant,,,https://www.facebook.com/Sushi-Rollking-Sheridan-869079169913894/?notify_field=hours&modal=profile_completion
BBQ Brothers,Cairns,restaurant,,,https://www.facebook.com/bbqbrothersaustralia
Ganbaranba,Cairns,restaurant,,https://www.instagram.com/cool_ganba,
Mister Cuts Barber Shop,Cairns,barber or hairdresser,,,https://www.facebook.com/mistercutsbarbershopcairns
Los Vegos,Gold Coast,cafe,,,https://www.facebook.com/Los-Vegos-Coolangatta-853780404959832/
Cafe Kirra,Gold Coast,cafe,,,https://www.facebook.com/cafekirra/
Elephant Grounds Cafe,Gold Coast,cafe,,,https://www.facebook.com/Elephant-Grounds-552246915107742/
Seaway Kiosk,Gold Coast,cafe,,,https://www.facebook.com/seawaykioskandjetty/
Cafe 1291,Gold Coast,cafe,,,https://www.facebook.com/Cafetwelve91/
Good Day Coffee,Gold Coast,cafe,,https://www.instagram.com/gooddaycoffee/?hl=en,
Niche & Co,Gold Coast,cafe,nicheandco.com.au,https://instagram.com/nicheandco,https://facebook.com/nicheandco
Burleigh Beach Kiosk,Gold Coast,cafe,,,https://www.facebook.com/burleighbeachkiosk
Old Paris Cafe,Gold Coast,cafe,,,https://www.facebook.com/oldparisvarsity/
The Lott Cafe,Gold Coast,cafe,,,https://www.facebook.com/The-Lott-Cafe-Robina-1803600919948866/
Mokacino's Cafe,Gold Coast,cafe,,,https://www.facebook.com/Mokacinos/
West Brew Coffee,Gold Coast,cafe,,,https://www.facebook.com/West-Brew-Coffee-106717397834618/
Aperitivo Cafe,Gold Coast,cafe,,https://www.instagram.com/aperitivo.cafe/,
Sushi Honba,Gold Coast,restaurant,,https://www.instagram.com/sushihonba/,
Pollys Country Kitchen,Gold Coast,restaurant,,,https://www.facebook.com/PollysCountryKitchen/
Mr Itoshin,Gold Coast,restaurant,,,https://www.facebook.com/itoshinnabe/
Pinto Thai,Gold Coast,restaurant,,,https://www.facebook.com/pintothaicoolangatta/
Cara Cara,Gold Coast,restaurant,,,https://www.facebook.com/caracaramexican/
Lucky Mama Malaysian Restaurant,Gold Coast,restaurant,,,https://www.facebook.com/Lucky-Mama-Restaurant-662520431028606/
Palm Garden Chinese Restaurant,Gold Coast,restaurant,,,https://www.facebook.com/PalmGardenChinese
Wildernis Cafe and Bar,Gold Coast,restaurant,,,https://www.facebook.com/wilderniscafeandbar/
The Lake Brewhouse,Gold Coast,restaurant,,,https://www.facebook.com/thelakebrewhouse
Sushi & Tempura,Gold Coast,restaurant,,,https://www.facebook.com/Cherryblossomvarsity/
Mandi Corner Gold Coast,Gold Coast,restaurant,,,https://www.facebook.com/mandialarabiagoldcoast
JJ's on Golden Four,Gold Coast,takeaway,,,https://www.facebook.com/jjsongoldenfour/
Big Chief,Gold Coast,takeaway,,,https://www.facebook.com/Big-Chief-Burgers-Coolangatta-182275748504697/
Flying Chicken,Gold Coast,takeaway,,,https://www.facebook.com/pages/Flying-Chicken/2115204535392038
Pie Pie,Gold Coast,bakery,,,https://www.facebook.com/piepieburleigh
Kirra Beach Bakery,Gold Coast,bakery,,,https://www.facebook.com/kirrabeachbakery/
Art Taste Cafe,Gold Coast,bakery,,,https://www.facebook.com/Arttastecaferobina/
First Wave Hair,Gold Coast,barber or hairdresser,,,https://www.facebook.com/Firstwave-Hair-Salon-Tugun-1473721922922601/
BarberLife,Gold Coast,barber or hairdresser,,,https://www.facebook.com/varsity4227/
DMH Palm Beach,Gold Coast,barber or hairdresser,,,https://www.facebook.com/DMHPalmBeach/
This studio&co,Gold Coast,barber or hairdresser,thisstudioandco.com.au,https://instagram.com/this.studioandco,https://facebook.com/this.studioandco
Vanity Beauty Services,Gold Coast,beauty salon,,,https://www.facebook.com/vanitybeautyservices/
Sea Wish,Gold Coast,boutique,,,https://m.facebook.com/SeaWishShop/
Tugun Veterinary Surgery,Gold Coast,pet business,,,https://www.facebook.com/TugunVets/
Booval Seafood,Ipswich,takeaway,,,https://www.facebook.com/boovalseafood/
Bottletree Hotel Glamorgan Vale,Ipswich,bar or pub,,,https://www.facebook.com/bottletreepub/
Loui's Fruit Market,Ipswich,deli or specialty food,,,https://www.facebook.com/louisboovalfruitmarket/
Flagstone Bakery,Logan,bakery,,,https://www.facebook.com/FlagstoneBakery/
All Aussie Automotive,Logan,mechanic,,,https://www.facebook.com/allaussieautomotive
The Grazing Goat Cafe,Mackay,cafe,,,https://www.facebook.com/GrazingGoatCafe/
RARE Bar & Grill,Mackay,restaurant,,,https://www.facebook.com/rarebarandgrillmackay
Jalla's Cafe,Moreton Bay,cafe,,,https://www.facebook.com/jallascafe/
Coffee Society,Rockhampton,cafe,,,https://www.facebook.com/coffeesocietyrockhampton/
U Rok Hair & Beauty,Rockhampton,barber or hairdresser,,,https://www.facebook.com/URokHairMakeupDesign/
Capricornia Remedial Massage,Rockhampton,massage or spa,capricorniaremedialmassagerockhampton.gettimely.com,,https://www.facebook.com/capricorniaremedialmassage
Rockhampton Fitness Centre,Rockhampton,gym or studio,,,https://www.facebook.com/rockhamptonfitness.centre/
Wok@Li Noodles,Sunshine Coast,restaurant,,,https://www.facebook.com/Wok-at-Li-noodles-595307274287896/
Sushi 79,Sunshine Coast,restaurant,,,https://www.facebook.com/THESUSHI79CURRIMUNDI/
Clancy's Beachside Takeaway,Sunshine Coast,takeaway,,,https://www.facebook.com/clancys.beachside.takeaway/
Pete's Village Bakery,Sunshine Coast,bakery,,,https://www.facebook.com/petesvillagebakery
Parklands Bakery,Sunshine Coast,bakery,,,https://facebook.com/parklandsbakery/
Hair at Mooloolaba,Sunshine Coast,barber or hairdresser,,,https://m.facebook.com/@hairstudiomooloolabah
Ocean Spa Nails,Sunshine Coast,beauty salon,,,https://www.facebook.com/Ocean-Spa-Nails-Currimundi-100394445284468/
Alt Brew,Townsville,cafe,,,https://www.facebook.com/Alt-Brew-1325275994229457
Old Railway Cafe,Townsville,cafe,,,https://www.facebook.com/theoldrailwaycafe
The Spirited Goat,Townsville,cafe,,,https://www.facebook.com/The-Spirited-Goat-475954869187116
Aroi Bangkok Thai Restaurant,Townsville,restaurant,,,https://www.facebook.com/AroiBangkokThaiRestaurant
Lotus Saigon,Townsville,restaurant,lotus-saigon.business.site,https://www.instagram.com/lotussaigonts,https://www.facebook.com/lotussaigontsv
Squeeze Me,Townsville,takeaway,squeezeme.com.au,,https://www.facebook.com/Squeezemetownsville
Australian Hotel,Townsville,bar or pub,,,https://www.facebook.com/australianhoteltownsville
Gentleman Jones Barber Shop,Townsville,barber or hairdresser,,,https://www.facebook.com/pages/category/Local-Business/Gentleman-Jones-235990806595718
She Creative Hair,Townsville,barber or hairdresser,,,https://www.facebook.com/shecreativehair.com.au/
NCS Automotive Townsville,Townsville,mechanic,,,https://www.facebook.com/NCSAutomotiveTownsville/
Precinct Fine Meats,Townsville,deli or specialty food,,,https://www.facebook.com/ottosmarketprecinct
Supperclub Maggie May,Brisbane,restaurant,maggiemaybne.com.au,https://www.instagram.com/maggiemaybne,https://www.facebook.com/maggiemaybne
Wavell Heights Kindergarten,Brisbane,childcare,wavellheightskindergarten.com.au,,https://www.facebook.com/WHKindy/
Dutton Park Family Dental,Brisbane,dentist,duttonparkfamilydental.com.au,https://www.instagram.com/duttonparkfamilydental,
Oxley Nursery,Brisbane,landscaper,oxleynursery.com.au,,https://www.facebook.com/oxleynursery/
Naughty Bean Cafe,Gold Coast,cafe,naughtybeancafe.com.au,,https://www.facebook.com/beancafe2016/
Flour of Life Bakery,Gold Coast,restaurant,flouroflifebakery.com.au,,https://www.facebook.com/FlourOfLife
Shiba Wings -  Scammers Closed Shop,Gold Coast,restaurant,shibawings.com.au,https://www.instagram.com/shibawings/,https://www.facebook.com/shibawingsAUS/?show_switched_toast=0&show_invite_to_follow=0&show_switched_tooltip=0&show_podcast_settings=0&show_community_review_changes=0&show_community_rollback=0&show_follower_visibility_disclosure=0
The Witch Hotel,Ipswich,bar or pub,witchhotel.com,,https://www.facebook.com/thewitchhotel/
Westbrook Tavern,Toowoomba,bar or pub,westbrooktavern.com.au,,https://www.facebook.com/westbrooktavern
Black Temple,Townsville,tattoo studio,blacktempletattoo.com.au,https://www.instagram.com/blacktempletattootsv,https://www.facebook.com/blacktempletattootownsville
RJH Electrical,Sunshine Coast,trades,rjhelectrical.com.au,,https://www.facebook.com/SunshineCoastElectrician1
Embroidery Queen,Brisbane,boutique,embroideryqueen.com.au,https://www.instagram.com/embroideryqueenau,https://www.facebook.com/EmbroideryQueens
Proactive Coaching,Brisbane,allied health,proactivecoaching.net,,https://www.facebook.com/lindsay.trims
Av-A-Chat Cafe,Brisbane,cafe,,,https://www.facebook.com/vietnameseavachatcafe/
Croix Croissant,Brisbane,cafe,,https://www.instagram.com/croixssant.bne,
Blue Poppy,Brisbane,cafe,,,http://facebook.com/thebluepoppy/
York St Espresso Bar,Brisbane,cafe,,,https://www.facebook.com/yorkstreetespressobar/
Vito's Cucina & Bar Ascot,Brisbane,cafe,,,https://www.facebook.com/vitosascot/
Mean Beanz Espresso,Brisbane,cafe,,,https://www.facebook.com/MeanBeanzEspresso
Nurse Station Coffee and Juice Bar,Brisbane,cafe,,https://www.instagram.com/nursestationcafe,https://www.facebook.com/nursestationcafe
Doc Brown,Brisbane,cafe,,,https://www.facebook.com/docbrowncafe
Upbeat,Brisbane,cafe,,https://www.instagram.com/upbeat.cafe_/,https://www.facebook.com/people/Upbeat-Cafe/61578887307099/
Laneway 86,Brisbane,cafe,,https://www.instagram.com/laneway86/,
Mow and Co.,Brisbane,cafe,,https://www.instagram.com/hellomowandco/,
Fiddle Leaf,Brisbane,cafe,,,https://www.facebook.com/fiddleleafbrisbane
Pure Shot Cafe,Brisbane,cafe,,,https://www.facebook.com/pureshotcafe
Sips O'clock,Brisbane,cafe,,https://www.instagram.com/sipsoclock/,
The Baristorian,Brisbane,cafe,,,https://www.facebook.com/TheBaristorian/
Death Star Canteen,Brisbane,cafe,,https://instagram.com/deathstarbrisbane,https://facebook.com/deathstarcanteenbrisbane/
POD Espresso,Brisbane,cafe,,,https://www.facebook.com/podespresso/
Make My Day,Brisbane,cafe,,https://www.instagram.com/makemyday.cafe,
La Familia Espesso Bar,Brisbane,cafe,,,https://www.facebook.com/lafamiliacoffeeco
I DO,Brisbane,cafe,,https://www.instagram.com/idocafe_auchenflower,
Studio Solo and Co,Brisbane,cafe,,,https://www.facebook.com/p/Studio-Solo-Co-100063505363434/
Double Maker Coffee,Brisbane,cafe,,,https://www.facebook.com/DoubleMakerCoffee
Zmirk Co.,Brisbane,cafe,,https://www.instagram.com/zmirk.bne,
Manka Cafe,Brisbane,cafe,,https://www.instagram.com/manka_cafe,
Orange Tea Brisbane One,Brisbane,cafe,,,https://www.facebook.com/OrangeTeaAustralia
Snug Cafe,Brisbane,cafe,,https://www.instagram.com/snug.bne,
Augustus Espresso,Brisbane,cafe,,,https://www.facebook.com/Augustus.Espresso/
Abode Cafe,Brisbane,cafe,,,https://www.facebook.com/abodeonHillsdon
Le Cafe Ashgrove,Brisbane,cafe,,,https://www.facebook.com/Lecafeashgrove/
Farmhouse Cafe,Brisbane,cafe,,https://www.instagram.com/FARMHOUSEKEDRON,https://www.facebook.com/farmhousekedron/
Snag & Brown,Brisbane,cafe,,,https://www.facebook.com/snagandbrownannerley/
Ben's Burgers,Brisbane,restaurant,,,https://www.facebook.com/bensburgers
Wara Wara,Brisbane,restaurant,,,https://www.facebook.com/warawarabrisbane
Buncha Buncha,Brisbane,restaurant,,,https://m.facebook.com/BunchaBunchaQLD/
Stickybeak,Brisbane,restaurant,,https://www.instagram.com/Stickybeakwinebar,
Asia Canteen,Brisbane,restaurant,,,https://www.facebook.com/people/Asia-Canteen/100063772110992/
Latin Manna,Brisbane,restaurant,,,https://www.facebook.com/LATIN.MANNA
Passion Sushi,Brisbane,restaurant,,,https://www.facebook.com/passionsushi.com.au
Nekoland Ramen & Bar,Brisbane,restaurant,,https://www.instagram.com/nekoland.westend,
Ho Choi,Brisbane,restaurant,,,https://www.facebook.com/p/Ho-Choi-Licensed-Restaurant-100040303334335/
The White House Waterford,Brisbane,restaurant,,,https://www.facebook.com/The Whitehouse Waterford
Red Hill Seafoods,Brisbane,takeaway,,,https://www.facebook.com/RedHillSeafood
Nessie's Fish Bite,Brisbane,takeaway,,,http://www.facebook.com/nessiesfishbite
Lily & Lala Kebab,Brisbane,takeaway,,,https://www.facebook.com/people/LilyLalas-Kebab/61568934639796/
Clove,Brisbane,takeaway,,,https://facebook.com/pages/category/Restaurant/CLOVE-WEST-END-107877521487899/
Mount Cotton Seafood,Brisbane,takeaway,,,https://www.facebook.com/mountcottonseafood
King of the Wings,Brisbane,takeaway,,,https://www.facebook.com/kingofthewingsbrisbane/
Rocklea Kebab and Pizza,Brisbane,takeaway,,,https://www.facebook.com/RockleaKebabandpizza/
The Deck,Brisbane,takeaway,,,https://www.facebook.com/thedecktakeawayfood/
Suburban Social,Brisbane,bar or pub,,,https://www.facebook.com/SuburbanSocialNeighbourhoodBarandKitchen/
Maker,Brisbane,bar or pub,,https://www.instagram.com/makerbrisbane/,
88 BILLIARDS,Brisbane,bar or pub,,https://www.instagram.com/88billiards,
Bar Cooper's,Brisbane,bar or pub,,https://www.instagram.com/barcoopers.bne,
Stafford Tavern,Brisbane,bar or pub,,,https://www.facebook.com/thestaffordtavern
Kenmore Village Bakery,Brisbane,bakery,,,https://www.facebook.com/kenmorebakery/
Mount Cotton Sourdough Bakers,Brisbane,bakery,,,https://www.facebook.com/Mountcottonsourdoughbakers/
Mountview Bakehouse,Brisbane,bakery,,,https://www.facebook.com/mountviewbakehouse/
Mum's Bakehouse,Brisbane,bakery,,,https://www.facebook.com/kedronmumsbakehouse/?_rdr
Stranz Hair Design,Brisbane,barber or hairdresser,,,https://www.facebook.com/stranzhairdesignbulimba/
Jules & Ginger,Brisbane,barber or hairdresser,,,https://www.facebook.com/julesandginger
Jack's Barber,Brisbane,barber or hairdresser,,,https://www.facebook.com/jacksbarber4171
Saba Hair Studio,Brisbane,barber or hairdresser,,,https://www.facebook.com/people/Saba-hair-studio/100083090384553/
Charlie Parrella Hairdresser,Brisbane,barber or hairdresser,,,https://www.facebook.com/483499168383610
MC Barbers,Brisbane,barber or hairdresser,,,https://www.facebook.com/Mcbarbers2021
Hair to be,Brisbane,barber or hairdresser,,https://www.instagram.com/hairtobeaustralia/,
OU Hair,Brisbane,barber or hairdresser,,https://www.instagram.com/ouhair_rochedale/?hl=en,https://www.facebook.com/ouhairRochedale
The Secret Hair Color,Brisbane,barber or hairdresser,,,https://www.facebook.com/thesecrethaircolor/
Eddy’s Barber Shop,Brisbane,barber or hairdresser,,,https://www.facebook.com/Moorooka/
Hikari Hair Studio,Brisbane,barber or hairdresser,,,https://www.facebook.com/hikarihairstudio
Brookfield Hair Studio,Brisbane,barber or hairdresser,,,https://www.facebook.com/brookfieldhairstudio
Kaija Hairdresser,Brisbane,barber or hairdresser,,,https://www.facebook.com/p/Kaija-hairdressing-make-up--100054313728630/
Isabis Hair,Brisbane,beauty salon,,,https://www.facebook.com/isabishair
Satisfied Nail,Brisbane,beauty salon,,,https://www.facebook.com/satisfiednail/
9889 Nails and Beauty,Brisbane,beauty salon,,,https://www.facebook.com/9889nailsandbeauty
Nails59,Brisbane,beauty salon,,https://www.instagram.com/nails59_rochedale/,
T Massage,Brisbane,massage or spa,,,https://www.facebook.com/T-Massage-100679675602823/
Soul Thai Massage,Brisbane,massage or spa,,,https://www.facebook.com/profile.php?id=100086356354712
Massage Health Centre,Brisbane,massage or spa,,,https://www.facebook.com/MassagehealthcentreHamilton/?_rdr
Flowers by Louise,Brisbane,florist,,,https://www.facebook.com/Flowers-by-Louise-Inspired-by-you-113504464161306/
Wedding N Florist,Brisbane,florist,,,https://www.facebook.com/profile.php?id=100066631573794
Brandons Shoe Repairs,Brisbane,boutique,,,https://www.facebook.com/people/Brandons-Shoe-Repairs/100057123895028/
Etcetera Leisure Plus,Brisbane,boutique,,,https://www.facebook.com/people/Etcetera-Leisure-Plus/61550838810039/
Studio M by Margarita,Brisbane,boutique,,,https://www.facebook.com/StudioMbyMargarita
Palmbee Capalaba HQ,Brisbane,boutique,,https://www.instagram.com/palmbeeaustralia,https://www.facebook.com/palmbeexx
Delight for Gifts,Brisbane,gift or homewares,,,https://www.facebook.com/people/Delight-For-Gifts/100065206801946/
VIS,Brisbane,gift or homewares,,https://www.instagram.com/visgiftshop/?hl=en,
Our Sun Room,Brisbane,gift or homewares,,,https://www.facebook.com/oursunroom/
Aloha Hound,Brisbane,pet business,,,https://m.facebook.com/alohahound/
Redlands Produce,Brisbane,pet business,,,https://www.facebook.com/RedlandsProduce/
Inksane,Brisbane,tattoo studio,,,https://facebook.com/inksanetattooqld/
Voodoo Tattoo,Brisbane,tattoo studio,,,https://www.facebook.com/Voodoo-Tattoo-193688920647994/
Stafford Tattoo,Brisbane,tattoo studio,,,https://www.facebook.com/st.tattoos/
Save Point Tattoo,Brisbane,tattoo studio,,,https://www.facebook.com/savepointtattoo
Sonja Griffioen - Newborn Photography,Brisbane,photographer,,,https://www.facebook.com/sonjagriffioen.newborns/
Meadowbrook Early Learning Centre,Brisbane,childcare,,,https://www.facebook.com/meadowbrookelc/
Tiny Tots Physiotherapy - Kathryn Shutt,Brisbane,physiotherapist,,,https://www.facebook.com/profile.php?id=100044607326097
KJ Safety Certificates/Roadworthy Certificates,Brisbane,mechanic,,,https://facebook.com/kjsafetycertificates/
Sam Auto Care,Brisbane,mechanic,,,https://www.facebook.com/p/Sam-Auto-Care-100075669889000/
Monster Tyres,Brisbane,mechanic,,,https://www.facebook.com/people/Monster-Tyres/100095017035749/
Microlot Coffee House,Brisbane,deli or specialty food,,,https://www.facebook.com/pages/Microlot-Coffee-House/532108803616296
Biltong Deli,Brisbane,deli or specialty food,,,https://www.facebook.com/SouthAfricanBiltongDeli/
Health & Nutrition,Brisbane,deli or specialty food,,,https://www.facebook.com/people/Kenmore-Health-Nutrition/100063567670771/
Kenmore Fresh,Brisbane,deli or specialty food,,,https://www.facebook.com/kenmorefresh/
Greengrocers Pantry,Brisbane,deli or specialty food,,,https://www.facebook.com/greengrocerspantry/
Banyo Meat Service,Brisbane,deli or specialty food,,,https://www.facebook.com/Banyo-meat-service-328382267317004/
Bellas Fruit Market,Brisbane,deli or specialty food,,,https://facebook.com/pages/Bellas-Fruit-Market/316006148423409
Nundah Fruit Market,Brisbane,deli or specialty food,,,https://www.facebook.com/p/Nundah-Fruit-Market-61564367108912/
Wavell Heights Gourmet Meats,Brisbane,deli or specialty food,,,https://www.facebook.com/wavellgourmetmeats
Top Cut Butchery Quality Meats,Brisbane,deli or specialty food,,,https://www.facebook.com/p/Top-Cut-Butcher-100064321140937/
Alloway Farm Market,Bundaberg,cafe,,,https://www.facebook.com/allowayfarm/
J-Elec Electrical Contractors,Bundaberg,trades,,,https://www.facebook.com/jelecelectricalcontractors/
Teddy Espresso,Cairns,cafe,,,https://www.facebook.com/teddyespresso.com.au/
Tasty Road,Cairns,restaurant,,,https://facebook.com/tastyroad
Iron strength power and performance,Cairns,gym or studio,,,https://www.facebook.com/ironstrengthpp/
Profile Coffee Co-Lab,Gold Coast,cafe,,https://www.instagram.com/profile_coffee_colab/,
Daily Grind,Gold Coast,cafe,,,https://www.facebook.com/dailygrindburleigh/
Hide N Seek Espresso,Gold Coast,cafe,,,https://www.facebook.com/hidenseekespresso13/
Street Corner Espresso,Gold Coast,cafe,,,https://www.facebook.com/StreetCornerEspresso/
Social Brew,Gold Coast,cafe,,,https://www.facebook.com/socialbrewburleigh/
Quade & Co,Gold Coast,cafe,,https://instagram.com/quadeandco,https://facebook.com/quadeandco
Commune,Gold Coast,cafe,,,https://www.facebook.com/Commune-188007077908552/
Café Biaggi,Gold Coast,cafe,,,https://www.facebook.com/Cafe-Biaggi-110229862373489/
BJ Snacks,Gold Coast,cafe,,,https://www.facebook.com/Bjsnacksburleighheads/
See Yö Cafe & Bakery,Gold Coast,cafe,,,https://www.facebook.com/marieanitas/
The Kumara Patch,Gold Coast,cafe,,,https://www.facebook.com/thekumarapatch/
The Treehouse,Gold Coast,cafe,,,https://www.facebook.com/treehouseonthehill/
Fresh Coffee Bar,Gold Coast,cafe,,,https://www.facebook.com/FreshCoffeeBarVarsity/
More Coffee Please,Gold Coast,cafe,,,https://www.facebook.com/morecoffeepleasecafe/
The Press Cafe,Gold Coast,cafe,,,https://www.facebook.com/thepresscafecoomera/
Third Base,Gold Coast,cafe,,https://www.instagram.com/thirdbasepalmbeach/,
Little Bandits Coffee & More,Gold Coast,cafe,,https://www.instagram.com/littlebanditscoffee/,
Vegepatch Studios,Gold Coast,cafe,,https://www.instagram.com/vegepatchstudios,
The Palm Coffee,Gold Coast,cafe,,https://www.instagram.com/the_palmcoffee,https://www.facebook.com/thepalmscoffees/
Doki Doki Cafe Bar,Gold Coast,cafe,,https://www.instagram.com/cafe_bar_dokidoki/,
Sens Coffee Co,Gold Coast,cafe,,https://www.instagram.com/sens_coffee_co/,https://www.facebook.com/p/SENS-COFEE-CO-Southport-61564429171125/
Canteen Coffee,Gold Coast,cafe,,,https://www.facebook.com/CanteenCoffeeandKitchen/
Magic Wok Chinese Restaurant,Gold Coast,restaurant,,,https://www.facebook.com/profile.php?id=100065273629487
German Sausages,Gold Coast,restaurant,,,https://www.facebook.com/www.facebook.com/pages/german-Sausages
Shogun Japanese,Gold Coast,restaurant,,,https://www.facebook.com/goldcoastshogunjapaneserestaurant
Master Sushi,Gold Coast,restaurant,,,https://www.facebook.com/pages/Master-Sushi/157277494310497
Supranee’s Pork Crackling,Gold Coast,restaurant,,,https://www.facebook.com/p/Supranees-pork-crackling-thai-groceries-100064069959236/
The Greek Joint Brews And BBQs,Gold Coast,restaurant,,,https://www.facebook.com/thegreekjointburleigh
Zhang Liang Malatang,Gold Coast,restaurant,,,https://www.facebook.com/p/Zhang-Liang-Malatang-Southport-100076346656014/
Michael's Kitchen,Gold Coast,restaurant,,,https://www.facebook.com/p/Michaels-Kitchen-Chinese-Takeaway-100063715285734/
Sogno Italiano,Gold Coast,restaurant,,,https://www.facebook.com/sognoitalian0/
Tokyo Kitchen,Gold Coast,restaurant,,https://www.instagram.com/tokyokitchenpalmbeach/,
Sushi Train,Gold Coast,restaurant,,https://www.instagram.com/sushitrain_coomera/,
Sushi at Palm Beach,Gold Coast,restaurant,,,https://www.facebook.com/SushiAtPalmBeach/
Fat Chicken,Gold Coast,takeaway,,,https://www.facebook.com/people/Fat-Chicken-West-Burleigh/100063635289144/
Notorious E.A.T Food Truck,Gold Coast,takeaway,,,https://www.facebook.com/notoriouseat/
MOFOS Tweed Heads,Gold Coast,takeaway,,,https://www.facebook.com/MOFOSTWEEDHEADS/
Madocke Beer Brewing Co,Gold Coast,bar or pub,,,https://www.facebook.com/madockebeer/
Boulangerie Vietnam,Gold Coast,bakery,,,https://www.facebook.com/p/Boulangerie-Vietnam-100086495847018/
Oriental Bakery,Gold Coast,bakery,,,https://www.facebook.com/TheOrientalBakery/
Pan 200 Daily Bakery,Gold Coast,bakery,,,https://www.facebook.com/people/Pan-200-Daily-Bakery/100077636797482/
MR Bake,Gold Coast,bakery,,,https://www.facebook.com/hellomrbake/
Lakeside Bakery,Gold Coast,bakery,,,https://www.facebook.com/lakesidebakerypalmbeach
La De Da,Gold Coast,bakery,,,https://facebook.com/ladedabakery/
Barber & Capelli Co,Gold Coast,barber or hairdresser,,,https://facebook.com/barberandcapelli
Intro Hairdressing,Gold Coast,barber or hairdresser,,,https://www.facebook.com/Intro-Hair-Burleigh-1626887570895425/
Hair Affair,Gold Coast,barber or hairdresser,,,https://www.facebook.com/HairAffairBurleigh/
Get Smart Hair Body & Soul,Gold Coast,barber or hairdresser,,,https://www.facebook.com/getsmarthairbodysoul/
Hair by Serena,Gold Coast,barber or hairdresser,,,https://www.facebook.com/hairbyserena.goldcoast/
Keli's Kuts,Gold Coast,barber or hairdresser,,,https://www.facebook.com/KelisKutz/
Newlengths Hairdressing,Gold Coast,barber or hairdresser,,,https://www.facebook.com/NewlengthsNobbyBeach/
Love is in the hair,Gold Coast,barber or hairdresser,,,https://www.facebook.com/loveisinthehairhairsalon/
Zina Hair Studio,Gold Coast,barber or hairdresser,,,https://www.facebook.com/zinahairstudio/
Jeannie's Barber Shop,Gold Coast,barber or hairdresser,,,https://www.facebook.com/jeanniesbarbershop/
Rachael's Hair Studio,Gold Coast,barber or hairdresser,,,https://www.facebook.com/profile.php?id=100063804390042
Saltydogs Barber Shop,Gold Coast,barber or hairdresser,,,https://www.facebook.com/people/Salty-dogs-barber-shop/100050556597140/
Brazabarber,Gold Coast,barber or hairdresser,,,https://www.facebook.com/brazabarbergc/about/
Style Addict,Gold Coast,barber or hairdresser,,https://www.instagram.com/styleaddict_hairmastery/?hl=en,
Old Wiley's Barbershop,Gold Coast,barber or hairdresser,,,https://www.facebook.com/p/Old-Wileys-Barbershop-100063607865296/
5th Avenue Hair,Gold Coast,barber or hairdresser,,,https://www.facebook.com/people/5th-Avenue-Hair-Palm-Beach/100090549709595/
Bimbos Hair,Gold Coast,barber or hairdresser,,https://www.instagram.com/bimbos.gc/,https://www.facebook.com/p/Blondie-hair-co-100078309943317/
Colour Nation,Gold Coast,barber or hairdresser,,,https://www.facebook.com/colournationpalmbeach/
The Courtyard Co,Gold Coast,beauty salon,,,https://www.facebook.com/frontyardsgc/
LV lashes & brows,Gold Coast,beauty salon,,https://www.instagram.com/lv_lashes.and.brows/,
Starke Fitness,Gold Coast,gym or studio,,,https://www.facebook.com/starketraining/
The Best Things Jewellery,Gold Coast,boutique,,,https://www.facebook.com/2251GCHWY/
Desire,Gold Coast,boutique,,,https://facebook.com/people/Desire-on-James/100057670328902
Impact Furniture Finishers,Gold Coast,gift or homewares,,,https://www.facebook.com/ImpactFurnitureFinishers/
Burleigh Pet & Stockfeed Supplies,Gold Coast,pet business,,,https://www.facebook.com/pg/Burleigh-Pet-Stockfeed-Supplies-893075937451992/about/
Inkhanced Cosmetic Tattoo,Gold Coast,tattoo studio,,https://instagram.com/inkhanced,https://facebook.com/Inkhanced
Haree Tattoo Studio,Gold Coast,tattoo studio,,,https://www.facebook.com/hareetattoostudio/
La Femme Tattoo House,Gold Coast,tattoo studio,,https://www.instagram.com/lafemmetattoohouse/,
Vision Tattoo Studio,Gold Coast,tattoo studio,,https://instagram.com/visiontattoomiami,https://facebook.com/visiontattoomiami
Craig's Detailing,Gold Coast,mechanic,,,https://www.facebook.com/Craigs-Detailing-118049508275423/
George Gray Motors,Gold Coast,mechanic,,,https://www.facebook.com/pages/category/Automotive-Repair-Shop/George-Gray-Motors-1800438436943462/
Bundall Smash Repairs,Gold Coast,mechanic,,,https://www.facebook.com/BundallSmash/
Guys Bodyworks,Gold Coast,mechanic,,,https://www.facebook.com/pages/Guys-Bodyworks-Southport/190128311365007
ToyoTechniks,Gold Coast,mechanic,,,https://www.facebook.com/p/Toyotechniks-100063546062838/
Woodys Auto Electrics,Gold Coast,mechanic,,,https://www.facebook.com/p/Woodys-Auto-Electrics-100054551465189/
Loveday’s Quality Meats,Gold Coast,deli or specialty food,,,https://www.facebook.com/lovedaysqualitymeats/
Broccoli Brothers,Gold Coast,deli or specialty food,,,https://www.facebook.com/Broccoli.Brothers.Treetops.Plaza/
Gold Coast Growers Market,Gold Coast,deli or specialty food,,,https://www.facebook.com/p/Gold-Coast-Growers-Market-100063543881581/
The Butcher's Table,Gold Coast,deli or specialty food,,,https://facebook.com/thebutcherstablenerang
Vish Fruit & Veg,Gold Coast,deli or specialty food,,https://instagram.com/vishnusfreshfruitsanvegetables,https://facebook.com/people/Vish-Fruit-veg/100063856403485
Salt & Smoke Meat Co,Gold Coast,deli or specialty food,,https://www.instagram.com/saltandsmoke_meatco/,https://www.facebook.com/saltandsmokemeatco/
Lakeside Quality Meats,Gold Coast,deli or specialty food,,https://www.instagram.com/lakeside_quality_meats,https://www.facebook.com/lakesidequalitymeatspalmbeach/
Kingswood Park Butchery,Gold Coast,deli or specialty food,,,https://www.facebook.com/Kingswoodparkbutchery/
Tower Central Cafe,Ipswich,cafe,,,https://www.facebook.com/towercentralcafeipswich/
The Chambers Cafe,Ipswich,cafe,,,https://www.facebook.com/thechamberscafe
Ellen & Rod Cafe,Ipswich,cafe,,,https://www.facebook.com/Ellenandrod/
Hoe Inn Food Bar,Ipswich,takeaway,,,https://www.facebook.com/HoeInnFoodBar/
Federal Hotel,Ipswich,bar or pub,,,https://www.facebook.com/FederalHotelIpswich/
HeavyW8 Barbers,Ipswich,barber or hairdresser,,,https://www.facebook.com/HeavyW8Barbers/
Miaá Lashes,Logan,beauty salon,,https://www.instagram.com/miaalashes_/?igshid=YmMyMTA2M2Y=,
Hot Property Realty,Mackay,real estate agent,,,https://facebook.com/hotpropertymackay
Village Deli Bongaree,Moreton Bay,cafe,,https://www.instagram.com/village_deli_bongaree/,https://www.facebook.com/villagedelibongaree
The Beach Shak Cafe,Moreton Bay,cafe,,,https://www.facebook.com/thebeachshakcafe/
Gather and Feast,Moreton Bay,cafe,,,https://m.facebook.com/gatherandfeastcafe
Council Corner Cafe,Moreton Bay,takeaway,,,https://www.facebook.com/p/Council-Corner-Cafe-61560625214132/
Johnny's Pizza Place,Moreton Bay,takeaway,,,https://www.facebook.com/johnnyspizzaplace
Fishermans Daughter,Moreton Bay,takeaway,,,https://www.facebook.com/fishermansdaughterdeceptionbay/
SG Cafe,Moreton Bay,bakery,,,https://www.facebook.com/sgcafe.com.au/
Hair on Archer,Moreton Bay,barber or hairdresser,,,https://www.facebook.com/haironarcher/
Cuts on Cresthaven,Moreton Bay,barber or hairdresser,,,https://www.facebook.com/profile.php/?id=100054399854687
Sway on Bribie,Moreton Bay,boutique,,,https://www.facebook.com/SwayonBribie
Bongaree Pet Food,Moreton Bay,pet business,,,https://www.facebook.com/profile.php/?id=100057076285153
JEZ Automotive,Moreton Bay,mechanic,,,https://www.facebook.com/JezAutomotive/
Pelican Cafe,Redlands,cafe,,,https://www.facebook.com/PelicanCafe293/
Curlew Cafe,Redlands,cafe,,,https://www.facebook.com/curlewcoochie
Coochiemudlo Island Beach Bar and Grill,Redlands,restaurant,,,https://www.facebook.com/coochiemudloislandbeachbar
Jetty Store II,Redlands,takeaway,,,https://www.facebook.com/TheJettyStore/
Emjay Spa & Beauty,Redlands,beauty salon,,,https://www.facebook.com/emjaybeautyspa/
Koala Park Veterinary Surgery,Redlands,pet business,,,https://www.facebook.com/KoalaParkVeterinarySurgery?mibextid=ZbWKwL
Top Gun Restorations,Redlands,mechanic,,,https://www.facebook.com/p/Top-Gun-Restoration-100063707569188
The Big Mushroom Fruit Barn,Redlands,deli or specialty food,,,https://www.facebook.com/103601592445707
Homegrown Cafe,Sunshine Coast,cafe,,,https://www.facebook.com/homegrownpalmwoods/
Nambour Social,Sunshine Coast,cafe,,,https://www.facebook.com/namboursocial
Press at Noosa,Sunshine Coast,cafe,,,https://www.facebook.com/profile.php?id=100054504337824
J J Sushi,Sunshine Coast,restaurant,,,https://www.facebook.com/jjsushichicken/
The Bakers Pantry,Sunshine Coast,bakery,,https://www.instagram.com/thebakerspantrynoosa,https://www.facebook.com/thebakerspantrynoosa
Suncoast Mechanical,Sunshine Coast,mechanic,,,https://www.facebook.com/SuncoastMechanical/
Yandina Market Garden,Sunshine Coast,deli or specialty food,,,https://www.facebook.com/yandinamarketgarden/
Brown Sugar Espresso,Sunshine Coast,deli or specialty food,,,https://www.facebook.com/brownsugarespressonambour/
Bubble Shack,Townsville,cafe,,,https://www.facebook.com/thebubbleshackbubbletea
Balabite,Townsville,cafe,,https://www.instagram.com/balabite,https://www.facebook.com/balabite/
Aussie Thai Fusion,Townsville,restaurant,,,https://www.facebook.com/Aussie-Thai-Fusion-413149449023841
Wild Rice,Townsville,restaurant,,,https://www.facebook.com/WildRiceLaoThai
Bountiful Thai,Townsville,restaurant,,,https://www.facebook.com/bountifulthai
Chico Rio,Townsville,restaurant,,,https://www.facebook.com/chicoriotsv
Fish N Chip Delights,Townsville,takeaway,,,https://facebook.com/FISHnCHIPDelights
Hotel Allen,Townsville,bar or pub,,,https://www.facebook.com/hotelallentownsville
MM&,Townsville,bakery,,https://www.instagram.com/mmandcoffeebaking,https://www.facebook.com/mmandcoffeebaking/
Lads 'n' Ladies Barber Shop,Townsville,barber or hairdresser,,,https://www.facebook.com/p/Lads-n-Ladies-Barber-Shop-100069962165987/
Leena's Nail and Beauty,Townsville,beauty salon,,,https://www.facebook.com/QueensNailsNBeauty
Artside,Townsville,beauty salon,,https://www.instagram.com/artside.studio,
Axell Rose,Townsville,boutique,,https://www.instagram.com/axellroseboutique,https://www.facebook.com/Axell-Rose-Boutique-102241341219356/
Urban Loft Lifestyle,Townsville,boutique,,,https://www.facebook.com/northwardtownsville
Summer Land,Townsville,boutique,,https://www.instagram.com/summerland_aus,
Dark Arts Tattoo,Townsville,tattoo studio,,,https://www.facebook.com/DarkArtsTattooTsv/
Sunvale Meats,Townsville,deli or specialty food,,,https://m.facebook.com/people/Sunvale-Meats/100063491471034/
Mia Bella's Coffee Drive Thru,Brisbane,cafe,miabellascoffee.com,,https://www.facebook.com/miabellascoffee
Willow Dining Room,Gold Coast,restaurant,willowdiningroom.com,,https://www.facebook.com/WillowDiningRoom
Mama Coco,Cairns,cafe,mamacoco.com.au,http://instagram.com/mama_coco,https://www.facebook.com/mamacococafe
Forages,Brisbane,cafe,foragesdelicafe.com.au,,https://www.facebook.com/foragesdelicafe
Burrito Bar,Brisbane,restaurant,theburritobar.com.au,https://instagram.com/burritobar_,https://www.facebook.com/TheBurritoBar
Lilong West End,Brisbane,restaurant,tasteofshanghai.com.au,https://www.instagram.com/tasteofshanghai,https://www.facebook.com/tasteofshanghaiaus
Fit N Fab Fitness,Brisbane,gym or studio,fitnfab.com.au,https://www.instagram.com/fitnfabfitness,https://www.facebook.com/fitty.fabbo.7
Parkinson Veterinary Surgery,Brisbane,pet business,parkinsonvet.com.au,https://www.instagram.com/parkinsonvetsurgery,https://www.facebook.com/parkinsonvetclinic
Little Bouncing Bears Early Learning Centre,Brisbane,childcare,littlebouncingbears.com.au,,https://www.facebook.com/littlebouncingbears
Little School Loganholme,Brisbane,childcare,littleschoolelc.com.au,https://www.instagram.com/littleschoolhighlandpark,https://www.facebook.com/littleschoolhighlandpark
Alderley Kindergarten,Brisbane,childcare,alderleykindy.com.au,,https://www.facebook.com/AlderleyKindy
Sugar Me Baby,Gold Coast,beauty salon,sugarmebaby.com.au,http://instagram.com/sugarme_baby,https://www.facebook.com/sugarmebaby
Love Lara Jewellers,Gold Coast,boutique,lovelarajewellery.com.au,https://www.instagram.com/lovelarajewellery,https://www.facebook.com/Love-Lara-Jewellery-191476280881144
Benowa Hills Early Learning Centre,Gold Coast,childcare,benowahillsearlylearning.com.au,https://instagram.com/Benowaandbenowahillselc,https://www.facebook.com/people/Benowa-Hills-Early-Learning-Centre/100057676358993
Grimmo's garage,Gold Coast,mechanic,grimmos.com.au,,https://www.facebook.com/GrimmosGarage
Southport Exhaust,Gold Coast,mechanic,southportexhaust.com.au,,https://www.facebook.com/southportexhaust
Barcella,Redlands,restaurant,barcella.com.au,https://www.instagram.com/barcelladining,https://www.facebook.com/BarcellaRestaurantVictoriaPoint
De Lish Fish @ Kings,Sunshine Coast,takeaway,delishfish.com.au,,https://www.facebook.com/pages/De-Lish-Fish-at-Kings/547467392024234
Ink Attack Tattoo,Sunshine Coast,tattoo studio,inkattack.com.au,http://instagram.com/ink_attack,https://www.facebook.com/InkAttackTattooStudio
The Wedding Harvest,Brisbane,event hire,theweddingharvest.com,https://www.instagram.com/theweddingharvest,https://www.facebook.com/TheWeddingHarvest
Maru,Brisbane,restaurant,marukoreanbbq.weebly.com,,http://www.facebook.com/pages/Maru-Korean-Restaurant/170697606348616
Boba Chicken,Brisbane,takeaway,,,https://www.facebook.com/login
Contrasts Hair Studio,Brisbane,barber or hairdresser,contrasts.com.au,,https://www.facebook.com/Contrastshairstudio
Bou's For Men Barber Shop,Toowoomba,barber or hairdresser,bousformen.com.au,,https://www.facebook.com/BousForMen
The Great Jewel Of India,Townsville,restaurant,thegreatjewelofindia.com,,https://www.facebook.com/TheGreatJewelOfIndia
The Old Dairy Maleny,Sunshine Coast,wedding venue,theolddairymaleny.com.au,https://www.instagram.com/theolddairymaleny,https://www.facebook.com/theolddairymaleny
Cakes by Simone,Redlands,wedding cakes,cakesbysimone.com.au,,https://www.facebook.com/pages/Cakes-by-Simone/351155011082
Lisa Klein Makeup,Hervey Bay,hair and makeup,lisaklein.com.au,,https://www.facebook.com/Lisa-Klein-Professional-Makeup-Artist-143179855730752
All Limousine Transfers,Brisbane,wedding cars,alllimousinetransfers.com,,https://www.facebook.com/AllLimousineTransfers
Your Celebrations,Gold Coast,celebrant,yourcelebrations.com.au,https://www.instagram.com/robynwagnercelebrations,https://www.facebook.com/Robyn-Wagner-Celebrations-148542741867253
The Cake Lady,Ipswich,wedding cakes,cakelady.com.au,https://www.instagram.com/thecakeladyipswich,https://www.facebook.com/thecakeladyipswich
Weddings Port Douglas,Other QLD,wedding planner or stylist,weddingsportdouglas.com.au,https://www.instagram.com/portdouglasweddings,https://www.facebook.com/portdouglaswedding
Halo Luxury Car Rentals,Gold Coast,wedding cars,halorentals.com.au,https://www.instagram.com/halorentals,https://www.facebook.com/halorentals
Cupcake Elegance,Sunshine Coast,wedding cakes,cupcake-elegance.com.au,https://www.instagram.com/cupcake_elegance,https://www.facebook.com/pg/Angela.CupcakeElegance
Suncoast Wedding & Event Hire Co.,Sunshine Coast,event hire,suncoastweddingco.com,https://www.instagram.com/elopementsnoosa,https://www.facebook.com/elopementsnoosa
Andrea Schumacher Celebrant,Other QLD,celebrant,scenicrimcelebrant.com.au,https://www.instagram.com/andrea_marriagecelebrant,https://www.facebook.com/AndreaSchumacherMarriageCelebrant
Paul Skinner Celebrant (Whitsundays Online),Other QLD,celebrant,whitsundaysonline.com,https://www.instagram.com/paulskinner.marriagecelebrant,https://www.facebook.com/PaulSkinnerCelebrant
By Sarah Jane,Sunshine Coast,hair and makeup,bysarahjane.com.au,https://www.instagram.com/bysarahjane,https://www.facebook.com/bysarahjanemaleny
Two Hearts Bridal Studio,Brisbane,bridal shop,twoheartsbridalstudio.com,https://www.instagram.com/twoheartsbridalstudio,https://www.facebook.com/TwoHeartsBridalStudio
The Wright Celebrant,Brisbane,celebrant,thewrightcelebrant.com.au,https://www.instagram.com/thewrightcelebrant,https://www.facebook.com/pg/The.Wright.Celebrant/reviews
Zoe Clark Cakes,Brisbane,wedding cakes,zoeclarkcakes.com,https://www.instagram.com/zoeclarkcakes,https://www.facebook.com/pg/zoeclarkcakes
Katie Young's Cakes,Brisbane,wedding cakes,katieyoungscakes.com,https://www.instagram.com/katieyoungscakes,https://www.facebook.com/pages/Katie-Youngs-Cakes/152324272365
Bella Brides,Brisbane,hair and makeup,bellabrides.com.au,https://www.instagram.com/bella_brides,https://www.facebook.com/bellabrideshairandmakeup
Coolibah Downs Private Estate,Gold Coast,wedding venue,coolibahdowns.com.au,https://www.instagram.com/coolibahdownsprivateestate,https://www.facebook.com/CoolibahDowns
Rosa & Mary's Bridal,Gold Coast,bridal shop,rosaandmarybridal.com.au,https://www.instagram.com/rosaandmarysbridal,https://www.facebook.com/Rosaandmarybridal
Dylan Bond Celebrant,Gold Coast,celebrant,dylanbond.com.au,https://www.instagram.com/dylanbondcelebrantmc,https://www.facebook.com/dylanbondcelebrantmc
Love Story Ceremonies,Gold Coast,celebrant,lovestoryceremonies.com,http://instagram.com/j0cardozo,https://www.facebook.com/lovestoryceremonies
Cake Me Gourmet,Gold Coast,wedding cakes,cakemegourmet.com,https://www.instagram.com/cakemegourmetgc,https://www.facebook.com/CAKEMEGOURMETGC
Royal Cakes by Nadia,Gold Coast,wedding cakes,royalcakesbynadia.com,https://www.instagram.com/royalcakesbynadia,https://www.facebook.com/profile.php
Amanda Higl,Gold Coast,hair and makeup,amandahigl.com.au,https://www.instagram.com/amandahigl_hairandmakeup,https://facebook.com/151747901559691
One Love Bridal,Gold Coast,hair and makeup,onelovebridal.com,https://www.instagram.com/onelovebridal.au,https://www.facebook.com/people/One-Love-Bridal/100064081482842
Natalie Lucas Makeup,Gold Coast,hair and makeup,natalielucasmakeup.com,https://instagram.com/natalielucasmua,https://www.facebook.com/natalielucasmua
The Gold Coast Bride,Gold Coast,wedding planner or stylist,thegoldcoastbride.com.au,https://instagram.com/goldcoastbride,http://www.facebook.com/thegoldcoastbride
The Memory Makers,Gold Coast,DJ or band,thememorymakers.com.au,https://www.instagram.com/thememorymakersmusic,https://www.facebook.com/thememorymakersmusic
Gold Coast Luxury Vintage Car Hire,Gold Coast,wedding cars,gcluxuryvintagecarhire.com.au,,https://www.facebook.com/GCLuxuryVintageCarHire
Caity the Celebrant,Sunshine Coast,celebrant,caitythecelebrant.com.au,https://www.instagram.com/caitythecelebrant,https://www.facebook.com/Caitythecelebrant
The Bride's Tree,Sunshine Coast,wedding venue,thebridestree.com.au,https://www.instagram.com/thebridestree,https://www.facebook.com/thebridestree
Allure Bridal Stylists,Sunshine Coast,hair and makeup,allurebridalstylists.com,https://www.instagram.com/allurebridalstylists,http://www.facebook.com/allurebridalstylists
Lovebird Weddings,Sunshine Coast,wedding planner or stylist,lovebirdweddings.com.au,https://www.instagram.com/lovebirdweddings,https://www.facebook.com/lovebirdsandfriends
Noosa Wedding and Events,Sunshine Coast,wedding planner or stylist,noosaweddingandevents.com,https://instagram.com/noosaweddingandevents,http://www.facebook.com/noosaweddingandevents
The Orange Blossom,Sunshine Coast,florist,theorangeblossom.com.au,https://www.instagram.com/theorangeblossom,https://www.facebook.com/theorangeblossomaus
Urban Botanica Noosa,Sunshine Coast,florist,urbanbotanicanoosa.com,https://instagram.com/urbanbotanica_,https://www.facebook.com/Urbanbotanica
SweetP Cakes and Cookies,Sunshine Coast,wedding cakes,sweetpcakesandcookies.com,https://www.instagram.com/sweetpcakesandcookies,https://www.facebook.com/SweetPCakesandCookies
Grace & Style,Ipswich,hair and makeup,graceandstyle.com.au,http://instagram.com/graceandstylemakeup,http://www.facebook.com/GraceAndStyle
Diggers Services Club,Logan,wedding venue,diggersservicesclub.com.au,,https://www.facebook.com/diggersservicesclub
Ann's Unique Cakes,Logan,wedding cakes,annsuniquecakes.com,,https://www.facebook.com/AnnsUniqueCake
Redlands Registry Weddings,Redlands,celebrant,redlandsregistryweddings.com.au,https://www.instagram.com/redlands_registry_weddings,
Serendipity Celebrations,Toowoomba,celebrant,serendipitycelebrations.com.au,https://www.instagram.com/serendipitycelebrationsqld,https://www.facebook.com/2118452931802956
Jillicious Cakes,Toowoomba,wedding cakes,jill-i-ciouscakes.com,https://www.instagram.com/jilliciouscakes,https://www.facebook.com/Jill-i-cious-Cakes-201876479872403
Belle Studio,Toowoomba,bridal shop,bellestudioboutique.com.au,https://www.instagram.com/bellestudioboutique,https://www.facebook.com/carolyntaylorsmith13
Marry Me Amanda,Other QLD,celebrant,marrymeamanda.com,https://www.instagram.com/marrymeamanda,https://www.facebook.com/profile.php
Leigh McCoy,Other QLD,hair and makeup,leighmccoy.com,https://www.instagram.com/leighmccoy_/channel,
Cairns Secret Garden,Cairns,wedding venue,cairnssecretgarden.au,https://www.instagram.com/cairnssecretgardenweddingvenue,https://www.facebook.com/cairnssecretgardenweddingvenue
Cairns Weddings - Kay Earl Celebrant,Cairns,celebrant,cairnsweddings.com.au,,https://www.facebook.com/CairnsWeddings
Holy Matrimony Celebrant,Cairns,celebrant,holymatrimonty.com.au,https://www.instagram.com/holymatrimonty,https://www.facebook.com/holymatrimonty
The Love Chronicles,Other QLD,celebrant,thelovechronicles.com.au,https://www.instagram.com/wed_by_anna,https://www.facebook.com/portdouglasmarriages
TBee Blooms,Townsville,florist,tbeeblooms.com,,https://www.facebook.com/TBeeblooms
Chevy the Celebrant,Mackay,celebrant,chevythecelebrant.com.au,https://www.instagram.com/chevythecelebrant,https://www.facebook.com/chevythecelebrant
Tamara Brown Makeup,Mackay,hair and makeup,tamarabrownmakeup.com.au,https://www.instagram.com/tamarabrownmakeup,https://www.facebook.com/makeupbytamqld
Mackay Cakes,Mackay,wedding cakes,mackaycakes.com.au,https://www.instagram.com/exclusivecakes4all,https://www.facebook.com/Exclusivecakes
Jojo's Bakehouse,Mackay,wedding cakes,jojosbakehouse.com.au,http://instagram.com/jojos_bakehouse,http://www.facebook.com/jojobakehouse
Deanna McKeowen Whitsunday Wedding Celebrant,Other QLD,celebrant,whitsundayweddingcelebrant.com.au,https://www.instagram.com/deannamckeowen_celebrant,https://www.facebook.com/deannamckeowenwhitsundayweddingcelebrant
Rockhampton Florist,Rockhampton,florist,rockhamptonflorist.com.au,https://www.instagram.com/rockhamptonflorist,https://www.facebook.com/rtonflorist1
Heather Sanders Celebrant,Rockhampton,celebrant,heathersanderscelebrant.com.au,https://www.instagram.com/heathersanderscelebrant,https://www.facebook.com/heathersanderscelebrant
Cutting Edge Boutique,Rockhampton,hair and makeup,cuttingedgeboutique.com.au,https://www.instagram.com/cuttingedgeboutique_yeppoon,https://www.facebook.com/cuttingedgeboutique
Raw Blooms,Bundaberg,florist,rawblooms.com.au,https://www.instagram.com/rawbloomsgingin,https://www.facebook.com/rawbloomsgingin
White Atelier Bridal,Brisbane,bridal shop,whiteatelierbridal.com,https://www.instagram.com/whiteatelierbridal,https://www.facebook.com/whiteatelierbridal
Melanie Jane Weddings and Events,Brisbane,wedding planner or stylist,melaniejaneweddingsandevents.com.au,https://www.instagram.com/melaniejaneweddingsandevents,https://www.facebook.com/melaniejaneweddingsandevents
Professional DJs,Brisbane,DJ or band,professionaldjs.com.au,https://www.instagram.com/colliersdjmcphotobooths,https://www.facebook.com/paulcollierweddingdj.com.au
Lark Music,Brisbane,DJ or band,larkmusic.com.au,https://www.instagram.com/larkmusic,https://www.facebook.com/LarkMusic
The Island Gold Coast,Gold Coast,wedding venue,theislandgoldcoast.com.au,https://www.instagram.com/theislandgoldcoast,
Ceremonies by Emma,Sunshine Coast,celebrant,ceremoniesbyemma.com.au,https://www.instagram.com/ceremoniesbyemma_,https://www.facebook.com/ceremoniesbyemma
Lea Cake Design,Sunshine Coast,wedding cakes,leacakedesign.com.au,https://www.instagram.com/lea.cake.design,https://www.facebook.com/leacakeau
ZO&Co.,Sunshine Coast,wedding cakes,zoandco.com.au,https://www.instagram.com/zoandcocakes%20,https://www.facebook.com/zoandcocakes
Hayley Patterson,Sunshine Coast,hair and makeup,hayleypatterson.com.au,https://www.instagram.com/hayleypatterson_hmua,
Love Note Music,Sunshine Coast,DJ or band,lovenotemusic.com.au,https://www.instagram.com/lovenotemusic,https://www.facebook.com/love.note.music
My Driver Noosa,Sunshine Coast,wedding cars,mydrivernoosa.com.au,https://www.instagram.com/mydriver_noosa,https://www.facebook.com/mydrivernoosa
Noosa Woody Hire,Sunshine Coast,wedding cars,noosawoodyhire.com.au,https://www.instagram.com/noosawoodyhire,https://www.facebook.com/noosawoodyhire
Classic Mustang Event Car Hire,Sunshine Coast,wedding cars,classicmustangeventcarhire.com.au,https://www.instagram.com/classicmustangeventcarhire,https://www.facebook.com/ClassicMustangEventCarHire
Makeup by Marlies,Sunshine Coast,hair and makeup,makeupbymarlies.com.au,http://instagram.com/makeup_by_marlies,https://www.facebook.com/makeupbymarlies.com.au
Darling St Chapel,Ipswich,wedding venue,darlingstchapel.com.au,,https://www.facebook.com/Darling-St-Chapel-207432589284855
Scarborough Seaside Flowers,Moreton Bay,florist,scarboroughseasideflowers.com.au,https://www.instagram.com/sseasideflowers,https://www.facebook.com/scarboroughseasideflowers
Westridge Florist,Toowoomba,florist,westridgeflorist.com.au,https://www.instagram.com/westridgeflorist,https://www.facebook.com/westridgeflorist
NQCelebrations,Cairns,celebrant,nqcelebrations.com,https://instagram.com/NQCelebrations,https://www.facebook.com/NQCelebrationsCairnsMarriageCelebrant
Say I Do Celebrancy,Mackay,celebrant,sayidocelebrancy.com,https://www.instagram.com/say_i_do_celebrancy,
Villa Botanica,Other QLD,wedding venue,villabotanica.com.au,https://www.instagram.com/villabotanicawhitsundays,https://www.facebook.com/villabotanica
Villa Paradise Cove,Other QLD,wedding venue,villaparadisecove.com.au,https://www.instagram.com/paradisecovewhitsundays,https://www.facebook.com/paradisecovewhitsundays
Registry Weddings Whitsundays,Other QLD,celebrant,registryweddingswhitsundays.com.au,https://www.instagram.com/kyliemcintoshcelebrant,https://www.facebook.com/kyliemcintoshweddingcelebrant
Boho Events & Styling,Hervey Bay,wedding planner or stylist,bohoeventsandstyling.com.au,https://www.instagram.com/bohoeventsstyling,https://www.facebook.com/BohoEventsStyling
Marriage Fraser Coast,Hervey Bay,celebrant,marriagefrasercoast.au,,https://facebook.com/434128746732264
Naturally SAS Hair & Beauty,Other QLD,hair and makeup,naturallysas.com.au,https://www.instagram.com/naturally_sas_hair_beauty,https://www.facebook.com/NaturallySAS
Missy La'Belle,Gold Coast,florist,missylabelle.com,https://instagram.com/missylabelle,http://www.facebook.com/missylabelleflowers
Hello Little Crumb,Gold Coast,wedding cakes,hellolittlecrumb.com,https://www.instagram.com/hellolittlecrumb,
Event Stylist & Co,Gold Coast,wedding planner or stylist,eventstylistandco.com,https://www.instagram.com/eventstylistandco,
Coolum Surf Club,Sunshine Coast,wedding venue,coolumsurfclub.com,https://www.instagram.com/coolumsurfclub,https://www.facebook.com/CoolumSurfClub
The Sunny Celebrant,Sunshine Coast,celebrant,thesunnycelebrant.com.au,https://www.instagram.com/natalieskye_thesunnycelebrant,https://www.facebook.com/thesunnycelebrantnatalieskye
Reid's Place,Moreton Bay,wedding venue,reidsplace.com.au,,https://www.facebook.com/reidsplacecelebrations
Brides of Toowoomba,Toowoomba,bridal shop,bridesoftoowoomba.com.au,https://www.instagram.com/bridesoftoowoomba,https://www.facebook.com/ferraritoowoomba
Jacqueline May Bride,Toowoomba,bridal shop,jacquelinemaybride.com.au,https://www.instagram.com/jacquelinemaybride,
Flowers by Wynne,Other QLD,florist,flowersbywynne.com.au,https://www.instagram.com/flowersbywynne,https://www.facebook.com/flowersbywynne/photos
Cakes on Carthew,Townsville,wedding cakes,cakesoncarthew.com,,https://www.facebook.com/cakesoncarthew
Young Australian Hotel,Bundaberg,wedding venue,youngaustralianhotel.com.au,https://instagram.com/youngaussiebundy,https://www.facebook.com/YoungAustralianHotel
Blooms & Petals Florist,Hervey Bay,florist,bloomsandpetalsflorist.com.au,,https://www.facebook.com/bloomsandpetalsfloristherveybay
Hillstone St Lucia,Brisbane,wedding venue,hillstonestlucia.com.au,https://www.instagram.com/hillstonestlucia,https://www.facebook.com/@HillstoneStLucia
Cloudland,Brisbane,wedding venue,cloudland.tv,https://www.instagram.com/cloudlandbrisbane,https://www.facebook.com/cloudlandbrisbane
The Refinery,Brisbane,wedding venue,refinery-events.com,https://www.instagram.com/therefinery__,https://www.facebook.com/therefineryevents
The Lush Lily,Brisbane,florist,thelushlily.com.au,https://www.instagram.com/thelushlily,
Stem Design,Brisbane,florist,stemdesign.com.au,https://www.instagram.com/stemdesignflorals,https://www.facebook.com/stemdesignflorals
A&T Blooms,Brisbane,florist,aandtblooms.com.au,https://www.instagram.com/aandtblooms,https://www.facebook.com/A-T-Blooms-102124741527563
Poco Posy,Brisbane,florist,pocoposy.com.au,https://www.instagram.com/pocoposy,https://www.facebook.com/pocoposy
Blooms by Bridie,Brisbane,florist,bloomsbybridie.com.au,https://www.instagram.com/bloomsbybridie,https://www.facebook.com/451601662331386
Hart & Flowers,Brisbane,florist,hartandflowers.com,https://www.instagram.com/hartandflowers,https://www.facebook.com/hartandflowers
Eliau Floral Design,Brisbane,florist,eliaufloraldesign.com,https://www.instagram.com/eliaufloraldesign,https://www.facebook.com/eliaufloraldesign
Bayside Bridal,Brisbane,bridal shop,baysidebridal.com.au,https://www.instagram.com/baysidebridal,https://www.facebook.com/baysidebridal
Angelic Bridal,Brisbane,bridal shop,angelicbridal.com.au,https://www.instagram.com/angelicbridal,https://www.facebook.com/angelicbridalgowns
The Art of Bridal,Brisbane,bridal shop,theveilcollective.com,https://www.instagram.com/theartofbridalau,http://facebook.com/theveilcollectivebridal
Married By Luke,Brisbane,celebrant,marriedbyluke.com.au,https://www.instagram.com/marriedbyluke_ldg,https://www.facebook.com/MarriedByLuke
Just Hitched by Jacinta,Brisbane,celebrant,justhitchedbyjacinta.com.au,http://instagram.com/justhitchedbyjacinta,https://www.facebook.com/justhitchedbyjacinta
Brendan Anning Celebrant,Brisbane,celebrant,brendananning.wedding,https://www.instagram.com/brendananningcelebrant,https://www.facebook.com/brendananningwedding
Dello Mano,Brisbane,wedding cakes,dellomano.com.au,https://www.instagram.com/dellomano,
Frosted Indulgence,Brisbane,wedding cakes,frostedindulgence.com.au,https://www.instagram.com/vas_frostedindulgence,http://www.facebook.com/pages/Frosted-Indulgence/116160795062085
Caldera.CAKING,Brisbane,wedding cakes,calderacaking.au,https://www.instagram.com/caldera.caking,https://www.facebook.com/Caldera.CAKING
Vanilla Pod,Brisbane,wedding cakes,vanillapod.com.au,https://www.instagram.com/vanillapodspecialtycakes,https://www.facebook.com/vanillapodspecialtycakes
Petal + Peach Cakes,Brisbane,wedding cakes,petalandpeachbespokecakery.com,https://www.instagram.com/petalandpeach.bakery,https://www.facebook.com/petalandpeachcakes
Confetti Cake Co.,Brisbane,wedding cakes,confetticakeco.com,http://www.instagram.com/confetticakeco_,http://www.facebook.com/confetticakeco
Brisbane Bridal Hair and Makeup,Brisbane,hair and makeup,brisbanebridalhairandmakeup.com.au,https://instagram.com/brisbanebridalhairandmakeup,https://facebook.com/brisbanebridalhairandmakeup
Hollywood Brides,Brisbane,hair and makeup,hollywoodbrides.com.au,https://www.instagram.com/hollywoodbrides,https://www.facebook.com/hollywoodbrides
Renae MUA,Brisbane,hair and makeup,renaemua.com.au,https://instagram.com/renae__mua,
Blush'd Brides,Brisbane,hair and makeup,blushd.com.au,https://www.instagram.com/blushdbrides,https://www.facebook.com/blushdbridesteam
Sophie Johnson MUA,Brisbane,hair and makeup,sophiejohnsonmua.com,https://www.instagram.com/sophiejohnson.mua,https://www.facebook.com/sjbridalandevents
Davicii,Brisbane,wedding planner or stylist,davicii.au,http://instagram.com/davicii.au,http://facebook.com/davicii.au
The Other Bridesmaid,Brisbane,wedding planner or stylist,theotherbridesmaid.com.au,https://www.instagram.com/theotherbridesmaid,https://www.facebook.com/theotherbridesmaid
Vows and Things,Brisbane,wedding planner or stylist,vowsandthings.com.au,http://www.instagram.com/vowsandthings,
Hampton Event Hire,Brisbane,event hire,hamptoneventhire.com,https://www.instagram.com/hamptoneventhire,https://www.facebook.com/hamptoneventhire
Brisbane City Celebrants (Jamie + Cara),Brisbane,celebrant,brisbanecitycelebrants.com.au,http://www.instagram.com/brisbanecitycelebrants,https://www.facebook.com/JamieEastgateBrisbaneCelebrant
With Love - Brisbane Wedding Decorators,Brisbane,event hire,brisbaneweddingdecorators.com.au,https://www.instagram.com/brisbaneweddingdecorators,https://www.facebook.com/BrisbaneWeddingCeremonyDecorators
One Stop Wedding Shop,Brisbane,event hire,onestopweddingshop.com.au,https://www.instagram.com/onestopweddingshopbrisbane,https://www.facebook.com/OneStopWeddingShopBrisbane
Brandition,Brisbane,event hire,brandition.com.au,https://instagram.com/brandition,https://facebook.com/brandition
McGee Entertainment,Brisbane,DJ or band,mcgeeentertainment.com.au,https://www.instagram.com/mcgeeentertainment,https://www.facebook.com/mcgeeentertainmentau
Explosive Entertainment,Brisbane,DJ or band,explosiveentertainment.com.au,https://www.instagram.com/explosivedjs,https://www.facebook.com/ExplosiveEntertainment.com.au
Steve Carlyle,Brisbane,DJ or band,stevecarlyle.com.au,http://www.instagram.com/stevejcarlyle,http://www.facebook.com/stevecarlylemusic
Graham Hobson Entertainment,Brisbane,DJ or band,grahamhobson.com,https://www.instagram.com/grahamhobsonent,https://www.facebook.com/graham.hobsonmusician
milimo,Brisbane,wedding cars,milimo.com.au,https://www.instagram.com/milimobookings,https://www.facebook.com/milimo.com.au
Tic Tac Tours,Brisbane,wedding cars,tictactours.com.au,,https://www.facebook.com/tictactours/videos/253143132243336
Our Wedding Cars,Brisbane,wedding cars,ourweddingcars.com.au,https://www.instagram.com/ourweddingcars,https://www.facebook.com/ourweddingcars
Astra Limousines,Brisbane,wedding cars,astralimousines.com.au,https://instagram.com/astra_limousines,https://facebook.com/astraweddingcars
Gold Coast Farmhouse,Gold Coast,wedding venue,goldcoastfarmhouse.com.au,https://www.instagram.com/goldcoastfarmhouse,https://www.facebook.com/goldcoastfarmhouse
Bower Estate,Gold Coast,wedding venue,bowerestate.com.au,https://www.instagram.com/thebowerestate,https://www.facebook.com/thebowerestate
Harbour Town Florist,Gold Coast,florist,harbourtownflorist.com.au,,https://www.facebook.com/harbourtownfloristGC
Little Mr Bouqs,Gold Coast,florist,littlemrbouqs.com.au,http://instagram.com/littlemrbouqs,http://facebook.com/littlemrbouqs
Bee's Blossoms,Gold Coast,florist,beesblossoms.com.au,https://www.instagram.com/beesblossomsfloralstudio,https://www.facebook.com/beesblossomsfloralstudio
Florals & Co,Gold Coast,florist,floralsandco.com,https://www.instagram.com/floralsandco,
Wedding Flowers by Keren,Gold Coast,florist,weddingflowersbykeren.com,https://instagram.com/weddingflowersbykeren,https://facebook.com/weddingflowersbykeren
Gold Coast Pop Up Weddings,Gold Coast,wedding planner or stylist,goldcoastpopupweddings.com,http://instagram.com/popupeventco,http://www.facebook.com/popupeventco
The First Last,Gold Coast,bridal shop,thefirstlast.com.au,https://www.instagram.com/thefirstlastbridal,https://www.facebook.com/thefirstlastbridal
The Bride Side,Gold Coast,bridal shop,thebrideside.com.au,https://www.instagram.com/the_bride_side_boutique,
Pearl Bridal,Gold Coast,bridal shop,pearlbridal.com.au,https://www.instagram.com/pearlbridalgoldcoast,https://www.facebook.com/pearlbridalgc
Toni Paget Celebrant,Gold Coast,celebrant,goldcoastmarriagecelebrant.com.au,https://www.instagram.com/toni_paget_celebrant_mc,https://www.facebook.com/goldcoastmarriagecelebrant1
Celebrant Sue Raward,Gold Coast,celebrant,celebrantsue.com,https://www.instagram.com/celebrant.sue,https://www.facebook.com/CelebrantSue
Ceremonies by Sacha,Gold Coast,celebrant,ceremoniesbysacha.com,https://www.instagram.com/ceremoniesbysacha,https://www.facebook.com/ceremoniesbysacha
Benjamin Carlyle Celebrant,Gold Coast,celebrant,bccelebrant.com,https://www.instagram.com/bc_celebrant,
Karma Cupcakes,Gold Coast,wedding cakes,karmacupcakes.com.au,https://www.instagram.com/karmacupcakes1,https://www.facebook.com/karmacupcakes.com.au
Stentons Cakes,Gold Coast,wedding cakes,stentonscakes.com.au,https://www.instagram.com/stentons.cakes,https://www.facebook.com/stentonscakes
Milk & Honey Cake Creative,Gold Coast,wedding cakes,milkandhoneycc.com,http://www.instagram.com/milkandhoney.cakecreative,http://WWW.FACEBOOK.COM/milkandhoney.cakecreative
Richelle Darben Makeup,Gold Coast,hair and makeup,richelledarbenmakeup.com.au,https://www.instagram.com/richelledarbenmua,https://www.facebook.com/Richelle-Darben-Make-Up-Hairstyling-1651188211867750
Boho Brides,Gold Coast,hair and makeup,bohobrides.com.au,https://www.instagram.com/boho_bridesau,https://www.facebook.com/bohobridesau
Nikita Lauren,Gold Coast,hair and makeup,nikitalauren.com,https://www.instagram.com/nikitalauren_makeup,https://www.facebook.com/nikitalaurenmakeupartist
Tina Kristen Weddings,Gold Coast,hair and makeup,tinakristenweddings.com.au,https://www.instagram.com/tinakristenweddings,https://www.facebook.com/tinakristenweddings
The Events Lounge,Gold Coast,wedding planner or stylist,theeventslounge.com.au,https://www.instagram.com/theeventslounge,https://www.facebook.com/The-Events-Lounge-Event-Management-316750581751343
Van Dev Weddings,Gold Coast,wedding planner or stylist,vandevweddings.com.au,https://www.instagram.com/vandevweddings,
For Love & Living,Gold Coast,wedding planner or stylist,forloveandliving.com.au,https://www.instagram.com/forloveandliving,
Magnolia Studios,Gold Coast,wedding planner or stylist,magnoliastudios.com.au,https://www.instagram.com/magnolia.studios,http://facebook.com/Magnoliastudiosevents
The Romantics Weddings,Gold Coast,wedding planner or stylist,theromanticsweddings.com,https://www.instagram.com/theromanticsweddings,
Arctic Fox Events,Gold Coast,event hire,arcticfoxevents.com.au,https://www.instagram.com/arcticfoxweddings,
Gold Coast Tipi Hire,Gold Coast,event hire,goldcoasttipis.com.au,https://www.instagram.com/goldcoast_tipis,https://www.facebook.com/goldcoasttipis
Enchanted Event Hire,Gold Coast,event hire,enchantedeventhire.com.au,https://www.instagram.com/enchantedweddingseventhire,
The One Day House,Gold Coast,event hire,theonedayhouse.com.au,https://www.instagram.com/theonedayhouse/%20,https://www.facebook.com/theonedayhouse.hire
AisleSuite,Gold Coast,event hire,aislesuite.com.au,https://www.instagram.com/aislesuite,
Stay Golden Event Hire,Gold Coast,event hire,staygoldeneventhire.com,http://www.instagram.com/staygoldeneventhire,http://www.facebook.com/staygoldeneventhire
Janda Events,Gold Coast,DJ or band,jandaevents.com.au,https://www.instagram.com/janda.events,https://www.facebook.com/jandaweddingsandevents
Celebrant Lady Love,Gold Coast,celebrant,celebrantladylove.com,https://instagram.com/celebrantladylove,https://www.facebook.com/celebrantladylove
Black Grandeur Chauffeur,Gold Coast,wedding cars,blackgrandeurchauffeur.com,https://www.instagram.com/black_grandeur_chauffeur,https://www.facebook.com/blackgrandeurchauffeur
Black Luxe Chauffeurs,Gold Coast,wedding cars,blackluxechauffeurs.com.au,https://www.instagram.com/blackluxechauffeurs,https://m.facebook.com/blackluxechauffeurs
Maleny Manor,Sunshine Coast,wedding venue,malenymanor.com.au,https://www.instagram.com/malenymanor,https://www.facebook.com/malenymanor
Tiffany's Maleny,Sunshine Coast,wedding venue,tiffanysmaleny.com.au,https://www.instagram.com/tiffanysmaleny,https://www.facebook.com/TiffanysMalenyAU
Palm Creek Estate,Sunshine Coast,wedding venue,palmcreekestate.com.au,https://www.instagram.com/palmcreekestate,https://www.facebook.com/palmcreekestate
Mondo Floral Designs,Sunshine Coast,florist,mondofloraldesigns.com.au,https://instagram.com/mondofloraldesigns,https://www.facebook.com/mondofloraldesigns
Oh Honey Florals,Sunshine Coast,florist,ohhoneyflorals.com.au,https://www.instagram.com/ohhoneyflorals,
Bloom & Bush,Sunshine Coast,florist,bloomandbush.com.au,http://instagram.com/bloomandbush,
Poesia Studio,Sunshine Coast,florist,fiestaflora.com.au,https://www.instagram.com/poesiastudio__,
Elsie and Oak,Sunshine Coast,florist,elsieandoak.com,https://www.instagram.com/elsieandoak,https://www.facebook.com/Elsie-and-oak-103172265003420
Brides First,Sunshine Coast,bridal shop,bridesfirst.com.au,https://www.instagram.com/bridesfirst,https://www.facebook.com/bridesfirst
Moon & Pearl,Sunshine Coast,bridal shop,moonandpearl.com.au,https://www.instagram.com/moonandpearlbridal,https://facebook.com/moonandpearlbridal
Erin Clare Bridal,Sunshine Coast,bridal shop,erinclare.com.au,https://www.instagram.com/erinclarebridal,https://www.facebook.com/ErinClareBridal
Stacey Morris Celebrant,Sunshine Coast,celebrant,staceymorriscelebrant.com.au,https://www.instagram.com/sunny_coast_celebrant,http://www.facebook.com/staceymorriscelebrant
Laura Clair Celebrant,Sunshine Coast,celebrant,lauraclaircelebrant.com.au,https://instagram.com/lauraclaircelebrant,
Carlee Hay Celebrant,Sunshine Coast,celebrant,celebrantcarlee.com.au,https://www.instagram.com/carleehaycelebrant,https://www.facebook.com/haycarleecelebrant
Sunny Coast Celebrant,Sunshine Coast,celebrant,sunnycoastcelebrant.com,https://www.instagram.com/simply_beautiful_ceremonies,https://www.facebook.com/melissasunshinecoastmarriagecelebrant
Kari Celebrations,Sunshine Coast,celebrant,karicelebrations.com,https://www.instagram.com/kariartisancelebrant,https://www.facebook.com/Kari.marriage.celebrant
Cakes by Nola,Sunshine Coast,wedding cakes,cakesbynola.com,https://www.instagram.com/cakesbynola,https://www.facebook.com/cakesbynola
The Hair and Makeup Artists,Sunshine Coast,hair and makeup,thehairandmakeupartists.com.au,http://www.instagram.com/bryonymua,https://www.facebook.com/profile.php
Sunshine Brides,Sunshine Coast,hair and makeup,sunshinebrides.com,http://www.instagram.com/sunshinebrides,http://www.facebook.com/ValentinaPintusMUA
Splash Events,Sunshine Coast,wedding planner or stylist,splashevents.com.au,https://www.instagram.com/splashevents,https://www.facebook.com/splashevents.noosa
First Class Functions,Sunshine Coast,wedding planner or stylist,firstclassfunctions.com.au,https://www.instagram.com/first_class_functions,https://www.facebook.com/firstclassfunctions
CL Weddings and Events,Sunshine Coast,wedding planner or stylist,clweddingsandevents.com.au,http://instagram.com/clweddingsandevents,https://www.facebook.com/clweddingsandevents
Simply Style Co,Sunshine Coast,wedding planner or stylist,simplystyleco.com.au,https://instagram.com/simplystyleco,https://www.facebook.com/simplystyleco.sunshinecoast
Cloud Nine Weddings,Sunshine Coast,wedding planner or stylist,sunshinecoastwedding.com,http://instagram.com/cloudnineweddings,https://www.facebook.com/pages/Cloud-Nine-Weddings/167048575507
Sunny Coast Wedding and Event Hire,Sunshine Coast,event hire,scweddingandeventhire.com.au,https://www.instagram.com/scweddingandeventhire,https://www.facebook.com/profile.php
Call Me Will Music,Sunshine Coast,DJ or band,callmewillmusic.com.au,https://www.instagram.com/call_me_will_music,https://www.facebook.com/anthea.healy.1
Greg Doney,Sunshine Coast,DJ or band,gregdoney.com,https://www.instagram.com/greg_doney_music,https://www.facebook.com/gregdoneymusic
Noosa Premier Stretch Holden Transfers,Sunshine Coast,wedding cars,noosastretchholdentransfers.com,https://www.instagram.com/noosastretchholdens,https://www.facebook.com/noosapremierlimousineservice
Elysium Noosa,Sunshine Coast,wedding venue,elysiumnoosa.com.au,https://www.instagram.com/elysiumnoosa,https://www.facebook.com/ElysiumNoosa
Peli's Noosa,Sunshine Coast,wedding venue,pelisnoosa.com.au,https://www.instagram.com/pelis_noosa,https://www.facebook.com/profile.php
Blooms of Noosa,Sunshine Coast,florist,bloomsofnoosa.com.au,https://www.instagram.com/bloomsofnoosa,https://www.facebook.com/BloomsOfNoosa
Patricia Quinn Celebrant,Sunshine Coast,celebrant,mynoosawedding.com.au,https://instagram.com/pqnoosa_patricia_celebrant,https://www.facebook.com/patriciaquinnweddingcelebrant
Glenys Searle Celebrant,Sunshine Coast,celebrant,glenyssearle.com.au,https://www.instagram.com/noosacelebrantglenyssearle,https://www.facebook.com/GlenysSearleMarriageCelebrant
Jacqueline Gray Celebrant,Sunshine Coast,celebrant,jacquelinegray.com.au,http://instagram.com/noosaheadscelebrant,https://www.facebook.com/noosaheadscelebrant/reviews
Elly the Celly,Sunshine Coast,celebrant,ellythecelly.com,https://www.instagram.com/ellythecelly,https://www.facebook.com/EllytheCelly
Philippa Holness Celebrant,Sunshine Coast,celebrant,philippaholness.com,https://instagram.com/noosaweddinglove,https://facebook.com/philippa.celebrant
Maple Bloom,Sunshine Coast,wedding cakes,maplebloom.com.au,https://www.instagram.com/maplebloomcakes,
With Style,Sunshine Coast,wedding cakes,withstyle.com.au,https://www.instagram.com/withstyleau,https://www.facebook.com/withstyle.au
The Supper Club,Sunshine Coast,wedding planner or stylist,thesupperclub.net.au,https://www.instagram.com/supperclubco,
The Dusty Rose Flower Shoppe,Ipswich,florist,thedustyrose.com.au,https://www.instagram.com/thedustyroseflowershoppe,
Grays Bar & Restaurant,Ipswich,wedding venue,graysbarandrestaurant.com.au,https://www.instagram.com/graysipswich,https://www.facebook.com/GraysBarAndRestaurant
Club Noir,Logan,wedding venue,clubnoir.com.au,http://instagram.com/clubnoiraustralia,https://www.facebook.com/clubnoiraustralia
Plunkett Villa Tamborine,Logan,wedding venue,plunkettvillatamborine.com.au,https://www.instagram.com/plunkettvillatamborine,https://www.facebook.com/PlunkettVillaTamborine
Lisa Laker Marriage Maker,Logan,celebrant,lisalaker.com.au,,https://www.facebook.com/LisaLakerMarriageMaker
Peta's Elegant Cakes,Logan,wedding cakes,petaselegantcakes.com.au,https://www.instagram.com/petaselegantcakes,https://www.facebook.com/petaselegantcakes
The Lighthouse Restaurant Cleveland,Redlands,wedding venue,thelighthouse.com.au,https://www.instagram.com/thelighthousecleveland,https://www.facebook.com/TheLighthouseCleveland
Redlands Florist,Redlands,florist,redlandsfloral.com.au,https://www.instagram.com/redlandsflorist,https://www.facebook.com/redlandsflorist
Cheryl Landsberry Celebrant,Redlands,celebrant,cherylwedding.com,https://www.instagram.com/cheryl_landsberry_marriage_cel,https://www.facebook.com/Cheryl.Landsberry.celebrant
Anywhere Hair and Makeup,Redlands,hair and makeup,anywherehairandmakeup.com.au,https://www.instagram.com/anywhere_hair_and_makeup,https://www.facebook.com/Anywhere.Hair.Makeup
Cakes by Paulie,Redlands,wedding cakes,cakesbypaulie.com.au,,https://www.facebook.com/Cakes-By-Paulie-104737139616518
Tangalooma Island Resort,Moreton Bay,wedding venue,tangalooma.com,https://instagram.com/tangaloomaislandresort,https://www.facebook.com/TangaloomaIslandResort
Posy Parlour,Moreton Bay,florist,posyparlour.com.au,http://instagram.com/POSYPARLOUR,
Flowerfusion Flowers and Gifts,Moreton Bay,florist,flowerfusion.com.au,https://www.instagram.com/flowerfusion_florist,
Kellie Rainbow Celebrant,Moreton Bay,celebrant,kellierainbowcelebrant.au,http://instagram.com/rainbowcelebrant,https://facebook.com/kellierainbowcelebrant
Moreton Bay Celebrancy,Moreton Bay,celebrant,moretonbaycelebrancy.com.au,https://www.instagram.com/moretonbaycelebrancy,https://www.facebook.com/unique.sallybrations
Picnic Point,Toowoomba,wedding venue,picnic-point.com.au,https://www.instagram.com/picnicpointtoowoomba,https://www.facebook.com/PicnicPointToowoomba
Gabbinbar,Toowoomba,wedding venue,gabbinbar.com.au,https://www.instagram.com/gabbinbar,https://www.facebook.com/gabbinbar
Aberfeldy Barn,Toowoomba,wedding venue,aberfeldybarn.com.au,https://instagram.com/aberfeldybarn,https://facebook.com/aberfeldybarn
Gowrie Homestead,Toowoomba,wedding venue,gowriehomestead.com.au,https://www.instagram.com/gowriehomestead,
Violets and Vases,Toowoomba,florist,violetsandvases.com.au,https://www.instagram.com/violetsandvases.florist,https://www.facebook.com/violetsandvases
Floral Life Art,Toowoomba,florist,florallifeart.com,https://www.instagram.com/floralifeart,https://www.facebook.com/Florallifeart
Leaf & Bloom Florals,Toowoomba,florist,leafandbloomflorals.com,https://www.instagram.com/leafandbloomflorals,
Ruby Lane Flower Co.,Toowoomba,florist,rubylaneflowerco.com,http://instagram.com/rubylaneflowerco,http://facebook.com/rubylaneflowerco
Groovy Kind of Love Celebrant,Toowoomba,celebrant,groovykindoflovecelebrant.com.au,https://www.instagram.com/groovykindoflove_celebrant,https://www.facebook.com/profile.php
Celebrations by Steve,Toowoomba,celebrant,celebrationsbysteve.com.au,,https://www.facebook.com/celebrationsbysteve
Ivy & Oak Collective,Toowoomba,hair and makeup,ivyoakcollective.com.au,https://www.instagram.com/ivy_n_oak_collective,
Wow! Excellence in Hair,Toowoomba,hair and makeup,wowhair.net.au,https://www.instagram.com/wowhairtoowoomba,https://www.facebook.com/wowhairtoowoomba
Air Hair Studio,Toowoomba,hair and makeup,airhairstudio.com.au,https://www.instagram.com/airhairstudiotoowoomba,https://www.facebook.com/airhairstudio
EMK Artistry,Toowoomba,hair and makeup,emkartistry.com.au,https://www.instagram.com/em.k.artistry,https://www.facebook.com/em.k.artistryau
Amber Linane,Toowoomba,hair and makeup,amberlinane.com,https://www.instagram.com/amber_linane,https://www.facebook.com/linaneamber
Just a lil More,Toowoomba,wedding cakes,justalilmore.com,https://www.instagram.com/givemejustalilmore,https://www.facebook.com/givemejustalilmore
Lara Boutique,Toowoomba,bridal shop,laraboutique.com.au,https://www.instagram.com/laraboutique_au,
Flowers by Erica Lilli,Other QLD,florist,flowersbyericalilli.com,https://www.instagram.com/flowersbyericalilli,
Honey Button House,Other QLD,florist,honeybuttonhouse.com,https://www.instagram.com/honeybuttonhouse,https://www.facebook.com/honeybuttonhouse
Just Love Celebrancy,Other QLD,celebrant,justlovecelebrancy.com.au,https://instagram.com/justlovecelebrancy,http://www.facebook.com/justlovecelebrancy
Lynette Maguire Celebrant,Other QLD,celebrant,lynettemaguire.com.au,,https://www.facebook.com/lynette-maguire-marriage-celebrant/112045424728
Daydream Celebrations,Other QLD,celebrant,daydreamcelebrations.com.au,,https://www.facebook.com/Daydream.Celebrations
Ceremonies with Karen,Other QLD,celebrant,ceremonieswithkaren.com.au,https://www.instagram.com/ceremonieswithkaren,https://www.facebook.com/Karen-Cook-Celebrant-765183543813085
Scenic Rim Wedding Venues (Laurenvale Estate),Other QLD,wedding venue,scenicrimweddingvenues.com.au,https://www.instagram.com/scenicrimweddingvenues.com.au,https://www.facebook.com/scenicrimvenues
Unveil Bridal Hair,Other QLD,hair and makeup,unveilbridalhair.com,https://www.instagram.com/unveil_bridal_hair,https://www.facebook.com/unveilbridalhair
The Beauty Lineup,Other QLD,hair and makeup,thebeautylineup.com.au,https://www.instagram.com/thebeautylineup,
Simply Divine Occasions,Other QLD,wedding cakes,simplydivineoccasions.com.au,https://www.instagram.com/simplydivineoccasions,https://www.facebook.com/Simplydivineoccasions
SPB Wedding Planner Cairns,Cairns,wedding planner or stylist,spb.com.au,https://www.instagram.com/southpacificbridal,https://www.facebook.com/SouthPacificBridal
Beautiful Posy Florist,Cairns,florist,beautifulposy.com,https://www.instagram.com/beautiful_posy,https://www.facebook.com/beautifulposy
Smithfield Florist,Cairns,florist,smithfieldflorist.com.au,https://www.instagram.com/$sitename,https://www.facebook.com/smithfieldflorist
The Posy Crew,Cairns,florist,theposycrew.com.au,https://www.instagram.com/the_posy_crew,https://www.facebook.com/theposycrew
GinaS Cairns Tropical Weddings,Cairns,celebrant,ginascairnstropicalweddings.com,https://www.instagram.com/cairnstropicalweddings,https://www.facebook.com/GinaSCairnsTropicalWeddings
Maria Morrison,Cairns,hair and makeup,mariamorrison.com.au,https://www.instagram.com/mariamorrisonmua,
Rikkea Wainohu,Cairns,hair and makeup,rikkeawainohu.com.au,https://instagram.com/rikkeawainohumakeup,https://www.facebook.com/profile.php
Sandra Gallo,Cairns,hair and makeup,sandragallo.com.au,https://www.instagram.com/sandragallohairandmakeup,https://www.facebook.com/sandragallomakeupartist
Passion for Cakes,Cairns,wedding cakes,passionforcakes.com.au,https://www.instagram.com/cairnscakes,https://www.facebook.com/www.passionforcakes.com.au
The Boutique Cairns,Cairns,bridal shop,theboutiquecairns.com.au,https://www.instagram.com/theboutiquecairns,
Lovena Bridal,Cairns,bridal shop,lovenabridal.com.au,https://www.instagram.com/lovena_bridal_studio,https://www.facebook.com/CairnsBridal
Rogue Events,Cairns,wedding planner or stylist,rogueevents.com.au,https://instagram.com/rogue.events.cairns,https://www.facebook.com/profile.php
Palm Cove Weddings,Other QLD,wedding planner or stylist,palmcoveweddings.com,https://www.instagram.com/palm.cove.weddings,https://www.facebook.com/palmcoveweddings
Frankie and Flora,Other QLD,florist,frankieandflora.com.au,https://www.instagram.com/wix,https://www.facebook.com/wix
Rosina Santarossa Celebrant,Other QLD,celebrant,portdouglasmarriagecelebrant.com.au,http://instagram.com/rosina_santarossa,https://www.facebook.com/marriedinportdouglas
Blush Hair & Make Up,Other QLD,hair and makeup,blushmakeup.com.au,https://www.instagram.com/x,https://www.facebook.com/118197704927614
LG Hair & Makeup,Other QLD,hair and makeup,lghairandmakeup.com,https://www.instagram.com/lghairandmakeup,https://www.facebook.com/LGhairandmakeup
Port Douglas Weddings (St Mary's by the Sea),Other QLD,wedding planner or stylist,portdouglasweddings.com.au,https://www.instagram.com/portdouglasweddings,https://www.facebook.com/portdouglaswedding
Port Douglas Weddings and Hire,Other QLD,wedding planner or stylist,myweddinginportdouglas.com,https://www.instagram.com/pdweddingsandhire,https://www.facebook.com/portdouglasweddingsandhire
Malpara Florist,Townsville,florist,malpara.com,https://www.instagram.com/malparaflorist,https://www.facebook.com/malpara.florist
Townsville Hospital Florist,Townsville,florist,townsvillehospitalflorist.com.au,https://www.instagram.com/thf.townsvillehospitalflorist,https://www.facebook.com/Townsvillehospitalflorist
The Bloom Room Townsville,Townsville,florist,thebloomroomtsv.com,https://www.instagram.com/thebloomroomtsv,
Coast to Country Celebrant,Townsville,celebrant,coasttocountrycelebrant.com.au,,https://www.facebook.com/coasttocountrycelebrant
Lesley's Life Ceremonies,Townsville,celebrant,lesleyslifeceremonies.com.au,https://www.instagram.com/lesleyslifeceremonies,https://www.facebook.com/profile.php
Lynda Ross Celebrant,Townsville,celebrant,lyndarosscelebrant.com.au,https://www.instagram.com/lyndarossmarriagecelebrant,https://www.facebook.com/lynda.ross.marriage.celebrant
Jenny Stevens Marriage Celebrant,Townsville,celebrant,marriagecelebrantjennystevens.com,https://www.instagram.com/jenny_marriage_celebrant,https://www.facebook.com/jennystevens.marriagecelebrant
Stephen Tasselli Celebrant,Townsville,celebrant,stephentassellimc.com,https://www.instagram.com/stephen_marriage_celebrant,https://www.facebook.com/StephenTasselliMarriageCelebrant
Urban Miss Beauty Bar,Townsville,hair and makeup,urbanmissmakeup.com,https://instagram.com/urbanmissmakeup,https://www.facebook.com/urbanmiss
Sweeter Than Sugar,Townsville,wedding cakes,sweeterthansugar.com.au,https://www.instagram.com/sweeterthansugar_townsville,https://www.facebook.com/sweeterthansugar
Cedric Corre Patisserie,Townsville,wedding cakes,cedriccorre.com.au,https://www.instagram.com/cedriccorrepatisserie,https://www.facebook.com/profile.php
Shamrock Hotel Mackay,Mackay,wedding venue,shamrockmackay.com.au,,https://www.facebook.com/shamrockhotelmackay
Villa Lamor,Mackay,wedding venue,villalamor.com.au,,https://www.facebook.com/villalamor
Darcie the Celebrant,Mackay,celebrant,darciethecelebrantmackay.com.au,https://www.instagram.com/darciethecelebrant_mackay,https://www.facebook.com/profile.php
Gina T Hair & Beauty,Mackay,hair and makeup,ginat.com.au,https://www.instagram.com/ginathairmackay,https://www.facebook.com/mackayhairdresser
Crusty's Bakery,Mackay,wedding cakes,crustysbakery.com.au,,https://www.facebook.com/crustysbakehouse
Coral Sea Resort,Other QLD,wedding venue,coralsearesort.com,https://www.instagram.com/coralsearesort,https://www.facebook.com/CoralSeaResortHotel
Mirage Whitsundays,Other QLD,wedding venue,miragewhitsundays.com.au,https://www.instagram.com/miragewhitsundaysresort,https://www.facebook.com/miragewhitsundays
Northerlies Beach Bar and Grill,Other QLD,wedding venue,northerlies.com.au,https://www.instagram.com/northerliesbeachbarandgrill,https://www.facebook.com/NortherliesBeachBarandGrill
Elementa Whitsundays,Other QLD,wedding venue,elementawhitsundays.com,https://www.instagram.com/elementawhitsundays,https://www.facebook.com/elementawhitsundays
Divine Weddings Whitsundays,Other QLD,wedding planner or stylist,divineweddingswhitsundays.com.au,https://www.instagram.com/divine_weddings_whitsundays,https://www.facebook.com/divineweddingswhitsundays
Weddings of the Whitsundays,Other QLD,wedding planner or stylist,weddingsofthewhitsundays.com,https://www.instagram.com/weddingsofthewhitsundays,
Hair and Makeup by Yvonne,Other QLD,hair and makeup,hairandmakeupbyyvonne.com,https://www.instagram.com/hairandmakeup_byyvonne,https://www.facebook.com/profile.php
Claire Carter Bridal,Other QLD,hair and makeup,clairecarterbridal.com,https://www.instagram.com/clairecarterbridal,https://www.facebook.com/clairecarterbridal
The Salty Lime Co,Rockhampton,wedding venue,thesaltylimeco.com.au,,https://www.facebook.com/Thesaltylimeco
Lilly & Lotus,Rockhampton,florist,lillyandlotus.com.au,https://www.instagram.com/lilly_and_lotus,https://www.facebook.com/lillyandlotus
Allenstown Florist,Rockhampton,florist,allenstownflorist.com.au,https://www.instagram.com/allenstownflorist,
CQ Weddings Celebrant,Rockhampton,celebrant,cqweddings.com,https://instagram.com/xyz,https://facebook.com/xyz
Married by Mitchell,Rockhampton,celebrant,marriedbymitchell.com,,https://www.facebook.com/dunlopmobilecatering
Makeup by Jacinta,Rockhampton,hair and makeup,makeupbyjacinta.com,https://www.instagram.com/Makeup.byjacinta,https://www.facebook.com/100523076109372
TMF Cake Designs,Rockhampton,wedding cakes,tmfcakedesigns.com,https://www.instagram.com/tmfcakedesigns,https://www.facebook.com/tmfcakedesigns
In The Grove,Bundaberg,wedding venue,inthegrove.com.au,https://www.instagram.com/inthegroveqld,https://www.facebook.com/inthegrove
Penny Lane Gardens,Bundaberg,wedding venue,pennylanegardens.com.au,,https://www.facebook.com/profile.php
Bundaberg House of Flowers,Bundaberg,florist,bundaberghouseofflowers.com.au,https://www.instagram.com/houseofflowersbundaberg,https://www.facebook.com/profile.php
Emma Jansen Marriage Celebrant,Bundaberg,celebrant,emmajansenmc.com.au,,http://www.facebook.com/250857249108819
Love Wins with Lins,Bundaberg,celebrant,lovewinswithlins.com,https://www.instagram.com/lovewinswithlinscelebrant,https://www.facebook.com/profile.php
Aquavue,Hervey Bay,wedding venue,aquavue.com.au,https://www.instagram.com/aquavuehb,https://www.facebook.com/aquavuehb
Purnella Park Coachhouse,Hervey Bay,wedding venue,purnellaparkcoachhouse.com.au,https://www.instagram.com/purnella_park_coachhouse,https://www.facebook.com/purnellaparkcoachhouse
Kondari Hotel,Hervey Bay,wedding venue,kondari.com.au,https://www.instagram.com/kondariresort,https://www.facebook.com/kondarihotel.bay
Now & Forever Weddings & Events,Hervey Bay,wedding planner or stylist,nfweddings.com.au,https://instagram.com/nowandforeverweddings,http://www.facebook.com/nfweddings
Bay Flowers and Gifts,Hervey Bay,florist,bayflowersandgifts.com,https://www.instagram.com/bayflowersandgifts,
Occasions by Carolyn Celebrant,Other QLD,celebrant,occasionsbycarolyncelebrant.com.au,https://www.instagram.com/celebrant_carolyn,https://www.facebook.com/celebrantcarolyn
Sharron Ridgway Celebrant,Other QLD,celebrant,gladstonecelebrant.com.au,https://www.instagram.com/ridgwaysharron,https://www.facebook.com/profile.php
Gladstone Beauty Clinic,Other QLD,hair and makeup,gladstonebeautyclinic.com.au,https://www.instagram.com/gladstonebeautyclinic,https://www.facebook.com/gladstonebeautyclinic
