score,tier,name,category,pitch_angle,phone,website,rating,reviews,address,maps_url,place_id
75,A,West End Park Cafe,cafe,homepage shows an error page (HTTP 525),,https://www.westendparkcafe.com.au/,0.0,0,305 Montague Road,https://www.google.com/maps/search/?api=1&query=West+End+Park+Cafe+305+Montague+Road,osm:node/320411631
75,A,The Brass,cafe,no real website (uses www.facebook.com),+61 7 3113 3636,https://www.facebook.com/profile.php?id=100093799565639,0.0,0,116 Manson Road,https://www.google.com/maps/search/?api=1&query=The+Brass+116+Manson+Road,osm:node/389631264
75,A,Bardon Thyme,cafe,no real website (uses www.instagram.com),+61 433 022 991,https://www.instagram.com/bardonthyme/?hl=en,0.0,0,5 Morgan Terrace Bardon,https://www.google.com/maps/search/?api=1&query=Bardon+Thyme+5+Morgan+Terrace+Bardon,osm:node/2774179973
75,A,John Mills Himself,cafe,homepage shows an error page (HTTP 404),,http://www.johnmillshimself.com.au/,0.0,0,40 Charlotte Street,https://www.google.com/maps/search/?api=1&query=John+Mills+Himself+40+Charlotte+Street,osm:node/3230824426
75,A,Graceville Moments Cafe,cafe,no real website (uses www.facebook.com),+61 402 680 192,https://www.facebook.com/gracevillemoments/,0.0,0,8 Bank Road Graceville,https://www.google.com/maps/search/?api=1&query=Graceville+Moments+Cafe+8+Bank+Road+Graceville,osm:node/4034170489
75,A,Remedy Espresso Cafe,cafe,no real website (uses www.facebook.com),+61 7 3818 6687,https://www.facebook.com/remedyec/,0.0,0,1 Springfield Lakes Boulevard Springfield Lakes,https://www.google.com/maps/search/?api=1&query=Remedy+Espresso+Cafe+1+Springfield+Lakes+Boulevard+Springfield+Lakes,osm:node/4959695248
75,A,Story Behind The Coffee,cafe,no real website (uses www.facebook.com),+61 475 209 660,https://www.facebook.com/storybehindthecoffee/,0.0,0,89 Broadwater Road Mount Gravatt East,https://www.google.com/maps/search/?api=1&query=Story+Behind+The+Coffee+89+Broadwater+Road+Mount+Gravatt+East,osm:node/6236089503
75,A,Bánh Mí,cafe,no real website (uses littleunclebakery.square.site),,https://littleunclebakery.square.site/,0.0,0,121 Merthyr Road,https://www.google.com/maps/search/?api=1&query=B%C3%A1nh+M%C3%AD+121+Merthyr+Road,osm:node/7647730483
75,A,Salt Coffee Roasters,cafe,homepage shows an error page (HTTP 402),,https://saltcoffee.com.au/,0.0,0,,https://www.google.com/maps/search/?api=1&query=Salt+Coffee+Roasters,osm:node/7965678686
75,A,Coffee Warden,cafe,no real website (uses www.facebook.com),,https://www.facebook.com/Coffee-Warden-Sandgate-380818316058328/,0.0,0,74 Ward Street Sandgate,https://www.google.com/maps/search/?api=1&query=Coffee+Warden+74+Ward+Street+Sandgate,osm:node/9068696084
75,A,Paper Moon Coffee House and Functions,cafe,no real website (uses www.facebook.com),+61 408 135 812,https://www.facebook.com/profile.php?id=61584852192002,0.0,0,,https://www.google.com/maps/search/?api=1&query=Paper+Moon+Coffee+House+and+Functions,osm:node/9123207500
75,A,"Bancroft Roasters, Bardon",cafe,no real website (uses m.facebook.com),,https://m.facebook.com/story.php?story_fbid=2013500125499490&id=487145808134937&sfnsn=mo,0.0,0,69 Bowman Parade Bardon,https://www.google.com/maps/search/?api=1&query=Bancroft+Roasters%2C+Bardon+69+Bowman+Parade+Bardon,osm:node/9144672728
75,A,Piggy Back Cafe,cafe,no real website (uses hellopiggyback.wixsite.com),+61 7 3279 0960,https://hellopiggyback.wixsite.com/piggyback,0.0,0,86 Curragundi Road Jindalee,https://www.google.com/maps/search/?api=1&query=Piggy+Back+Cafe+86+Curragundi+Road+Jindalee,osm:node/9346350279
75,A,Dropout Espresso,cafe,no real website (uses www.facebook.com),+61 7 3289 5555,https://www.facebook.com/Dropout-espresso-110045364260266/,0.0,0,37 Main Street Samford Village,https://www.google.com/maps/search/?api=1&query=Dropout+Espresso+37+Main+Street+Samford+Village,osm:node/9722466737
75,A,Canter & Colt,cafe,no real website (uses www.facebook.com),+61 7 3289 1087,https://www.facebook.com/canterandcolt,0.0,0,42 Main Street Samford Village,https://www.google.com/maps/search/?api=1&query=Canter+%26+Colt+42+Main+Street+Samford+Village,osm:node/9722466760
75,A,Coffee on the Way,cafe,no real website (uses www.facebook.com),+61 407 900 595,https://www.facebook.com/people/Coffee-on-the-Way/100057414793271/,0.0,0,146 Ferny Way Ferny Hills,https://www.google.com/maps/search/?api=1&query=Coffee+on+the+Way+146+Ferny+Way+Ferny+Hills,osm:node/9813583077
75,A,Coffee On Point,cafe,homepage shows an error page (HTTP 404),,https://www.coffeeonpointcop.com/,0.0,0,,https://www.google.com/maps/search/?api=1&query=Coffee+On+Point,osm:node/10237635271
75,A,Bars & Beans,cafe,no real website (uses bars-beans.square.site),,https://bars-beans.square.site/,0.0,0,42 Baxter Street,https://www.google.com/maps/search/?api=1&query=Bars+%26+Beans+42+Baxter+Street,osm:node/10651051694
75,A,The No Sugar Specialty Coffee,cafe,no real website (uses no-sugar-cafe.business.site),+61 7 3399 3388,https://no-sugar-cafe.business.site/,0.0,0,,https://www.google.com/maps/search/?api=1&query=The+No+Sugar+Specialty+Coffee,osm:node/10778955405
75,A,Proud To Serve,cafe,no real website (uses www.facebook.com),+61 433 790 454,https://www.facebook.com/people/PROUD-to-SERVE/100083122461252/,0.0,0,202 Samford Road Enoggera,https://www.google.com/maps/search/?api=1&query=Proud+To+Serve+202+Samford+Road+Enoggera,osm:node/11150416784
75,A,BrizStar Coffee,cafe,no real website (uses w.abacus.co),,https://w.abacus.co/Store/2514722,0.0,0,400 Stafford Road Stafford,https://www.google.com/maps/search/?api=1&query=BrizStar+Coffee+400+Stafford+Road+Stafford,osm:node/11163947918
75,A,Nowhere Espresso,cafe,no real website (uses petersandko.wixsite.com),+61 413 043 539,https://petersandko.wixsite.com/nowhere-espresso,0.0,0,,https://www.google.com/maps/search/?api=1&query=Nowhere+Espresso,osm:node/11242277324
75,A,Fraser's Newstead,cafe,no real website (uses www.instagram.com),,https://www.instagram.com/frasersnewstead/,0.0,0,12 Commercial Road,https://www.google.com/maps/search/?api=1&query=Fraser%27s+Newstead+12+Commercial+Road,osm:node/12145208585
75,A,Vinty Bean,cafe,no real website (uses www.instagram.com),,https://www.instagram.com/vintybean/,0.0,0,53 Vernon Terrace,https://www.google.com/maps/search/?api=1&query=Vinty+Bean+53+Vernon+Terrace,osm:node/12724489665
75,A,The Woolshed.,cafe,no real website (uses www.instagram.com),,https://www.instagram.com/woolshed.bne/,0.0,0,15 Helen Street,https://www.google.com/maps/search/?api=1&query=The+Woolshed.+15+Helen+Street,osm:node/12738780913
75,A,Rooka Acai,cafe,no real website (uses www.instagram.com),+61 435 383 803,https://www.instagram.com/rookaacai,0.0,0,,https://www.google.com/maps/search/?api=1&query=Rooka+Acai,osm:node/13264336826
75,A,Little Red Providore,cafe,no real website (uses www.facebook.com),+61 7 3369 4044,https://www.facebook.com/littleredprovidore/,0.0,0,63 Windsor Road,https://www.google.com/maps/search/?api=1&query=Little+Red+Providore+63+Windsor+Road,osm:way/53155641
75,A,Sundays Cafe,cafe,no real website (uses www.facebook.com),+61 7 3150 8771,https://www.facebook.com/SundaysCoffeeHouseRocklea/,0.0,0,59 Brooke Street Rocklea,https://www.google.com/maps/search/?api=1&query=Sundays+Cafe+59+Brooke+Street+Rocklea,osm:way/310777492
75,A,Kit Gloves Coffee,cafe,no real website (uses kit-gloves-coffee.business.site),,https://kit-gloves-coffee.business.site/,0.0,0,114 Stafford Road Gordon Park,https://www.google.com/maps/search/?api=1&query=Kit+Gloves+Coffee+114+Stafford+Road+Gordon+Park,osm:way/877744491
75,A,Kenmore Dentists,dentist,homepage shows an error page (HTTP 500),,https://kenmoredentists.com.au/,0.0,0,,https://www.google.com/maps/search/?api=1&query=Kenmore+Dentists,osm:node/5231707113
75,A,Stafford Dental Studio,dentist,homepage shows an error page (HTTP 500),+61 7 3352 7177,https://stafforddentalstudio.com.au/,0.0,0,285 Stafford Road Stafford,https://www.google.com/maps/search/?api=1&query=Stafford+Dental+Studio+285+Stafford+Road+Stafford,osm:node/12662273957
75,A,Scotty Barberino's Barber Shop,beauty salon,no real website (uses facebook.com),+61 7 3289 2468,https://facebook.com/scottybarberinos/,0.0,0,37 Main Street Samford Village,https://www.google.com/maps/search/?api=1&query=Scotty+Barberino%27s+Barber+Shop+37+Main+Street+Samford+Village,osm:node/615115537
75,A,Image by Laser,beauty salon,homepage shows an error page (HTTP 404),+61 7 3358 6700,https://imagebylaser.com.au/,0.0,0,669 Brunswick Street New Farm,https://www.google.com/maps/search/?api=1&query=Image+by+Laser+669+Brunswick+Street+New+Farm,osm:node/2409389830
75,A,Crown and Co Barbers,beauty salon,no real website (uses www.facebook.com),,https://www.facebook.com/crownandcobarbers/?ref=page_internal,0.0,0,Brunswick Street Fortitude Valley,https://www.google.com/maps/search/?api=1&query=Crown+and+Co+Barbers+Brunswick+Street+Fortitude+Valley,osm:node/7003674985
75,A,J Hair Studio,beauty salon,homepage shows an error page (HTTP 404),+61 431 138 993,https://www.jhairstudio.com.au,0.0,0,3 Wagtail Park Way Fitzgibbon,https://www.google.com/maps/search/?api=1&query=J+Hair+Studio+3+Wagtail+Park+Way+Fitzgibbon,osm:node/9446790548
75,A,The Shearing Shed Barbers,beauty salon,no real website (uses book.gettimely.com),,https://book.gettimely.com/?id=theshearingshed,0.0,0,,https://www.google.com/maps/search/?api=1&query=The+Shearing+Shed+Barbers,osm:node/9531235799
75,A,Nail Today,beauty salon,no real website (uses www.facebook.com),+61 414 266 235,https://www.facebook.com/profile.php?id=100063881476277,0.0,0,,https://www.google.com/maps/search/?api=1&query=Nail+Today,osm:node/9653127489
75,A,The Barba Club,beauty salon,homepage shows an error page (HTTP 404),+61 435 997 463,https://www.thebarbaclub.com/,0.0,0,27 Main Street,https://www.google.com/maps/search/?api=1&query=The+Barba+Club+27+Main+Street,osm:node/9719916730
75,A,Bella Vision Hair Studio,beauty salon,no real website (uses www.facebook.com),+61 7 3351 0200,https://www.facebook.com/bellavisionhairstudio132/,0.0,0,146 Ferny Way Ferny Hills,https://www.google.com/maps/search/?api=1&query=Bella+Vision+Hair+Studio+146+Ferny+Way+Ferny+Hills,osm:node/9813583082
75,A,Brass Knuckles Barber,beauty salon,no real website (uses www.instagram.com),+61 493 369 135,https://www.instagram.com/brassknuckles_barber/,0.0,0,448 Enoggera Road Alderley,https://www.google.com/maps/search/?api=1&query=Brass+Knuckles+Barber+448+Enoggera+Road+Alderley,osm:node/11180909945
75,A,Carina Day Spa,beauty salon,homepage shows an error page (HTTP 404),,https://www.carinadayspa.com/,0.0,0,854A Old Cleveland Road,https://www.google.com/maps/search/?api=1&query=Carina+Day+Spa+854A+Old+Cleveland+Road,osm:node/11520530869
75,A,Halo + Harper hair studio,beauty salon,homepage shows an error page (HTTP 404),+61 406 877 707,https://www.haloandharper.com.au/,0.0,0,,https://www.google.com/maps/search/?api=1&query=Halo+%2B+Harper+hair+studio,osm:node/11523837469
75,A,Kin Barbershop,beauty salon,no real website (uses kinbarbershop.square.site),+61 411 614 614,https://kinbarbershop.square.site/,0.0,0,95 Samford Road Alderley,https://www.google.com/maps/search/?api=1&query=Kin+Barbershop+95+Samford+Road+Alderley,osm:node/12545535658
75,A,Tommy Two Blades Barbershop,beauty salon,no real website (uses tommytwoblades.gettimely.com),+61 456 002 235,https://tommytwoblades.gettimely.com/#home,0.0,0,113 Commercial Road,https://www.google.com/maps/search/?api=1&query=Tommy+Two+Blades+Barbershop+113+Commercial+Road,osm:node/12738807878
75,A,Terry Dobie Hairdressing,beauty salon,no real website (uses terrydobiehair.wixsite.com),,https://terrydobiehair.wixsite.com/mysite,0.0,0,210 Redland Bay Road Capalaba,https://www.google.com/maps/search/?api=1&query=Terry+Dobie+Hairdressing+210+Redland+Bay+Road+Capalaba,osm:node/13179363365
75,A,Pilates Lifestyle & Wellbeing,physiotherapist,homepage shows an error page (HTTP 404),+61 432 269 472,https://www.pilateslifestyle.com.au/,0.0,0,220 Mount Glorious Road Samford Valley,https://www.google.com/maps/search/?api=1&query=Pilates+Lifestyle+%26+Wellbeing+220+Mount+Glorious+Road+Samford+Valley,osm:node/9722583250
67,A,The Cheeky Bean Espresso Bar,cafe,security certificate error (browsers warn visitors away),,https://www.cheekybean.com.au/,0.0,0,206A Montague Road,https://www.google.com/maps/search/?api=1&query=The+Cheeky+Bean+Espresso+Bar+206A+Montague+Road,osm:node/2838873102
67,A,Samford Smiles,dentist,security certificate error (browsers warn visitors away),,https://samfordsmiles.com.au/,0.0,0,15-19 Main Street,https://www.google.com/maps/search/?api=1&query=Samford+Smiles+15-19+Main+Street,osm:node/6278615784
67,A,Dutton Park Family Dental,dentist,security certificate error (browsers warn visitors away),+61 7 3179 7800,https://www.duttonparkfamilydental.com.au/,0.0,0,,https://www.google.com/maps/search/?api=1&query=Dutton+Park+Family+Dental,osm:node/14178875661
67,A,RJ's Hair Studio,beauty salon,security certificate error (browsers warn visitors away),,https://www.rjshairstudio.com.au/,0.0,0,,https://www.google.com/maps/search/?api=1&query=RJ%27s+Hair+Studio,osm:node/5731437903
53,B,Mia Bella's Coffee Drive Thru,cafe,no HTTPS (browser shows 'Not secure'); looks outdated (copyright 2015); missing meta description,,http://miabellascoffee.com/,0.0,0,167 Gympie Road Strathpine,https://www.google.com/maps/search/?api=1&query=Mia+Bella%27s+Coffee+Drive+Thru+167+Gympie+Road+Strathpine,osm:node/13457715182
45,B,Forages,cafe,looks outdated (copyright 2018); missing meta description; slow to load (4.2s),,https://www.foragesdelicafe.com.au/,0.0,0,144 Indooroopilly Road,https://www.google.com/maps/search/?api=1&query=Forages+144+Indooroopilly+Road,osm:node/2847475389
45,B,South Bank Dentists,dentist,looks outdated (copyright 2020); missing meta description; slow to load (7.9s),,https://www.cosmeticdentistry.com.au/,0.0,0,80 Hope Street South Brisbane,https://www.google.com/maps/search/?api=1&query=South+Bank+Dentists+80+Hope+Street+South+Brisbane,osm:node/5149690859
45,B,Paediatric Dental Group,dentist,looks outdated (copyright 2023); missing meta description; slow to load (4.3s),+61 7 3117 0092,https://www.pdgdental.com.au/,0.0,0,22 Samford Road Alderley,https://www.google.com/maps/search/?api=1&query=Paediatric+Dental+Group+22+Samford+Road+Alderley,osm:node/11164378582
42,B,Contrasts Hair Studio,beauty salon,not mobile-friendly (no viewport tag); missing meta description,+61 7 3356 4433,https://contrasts.com.au/,0.0,0,82 Days Road Grange,https://www.google.com/maps/search/?api=1&query=Contrasts+Hair+Studio+82+Days+Road+Grange,osm:node/760188217
42,B,Physioworks Rochedale,physiotherapist,not mobile-friendly (no viewport tag); missing meta description,+61 7 3841 0277,https://physioworks.com.au/clinics/rochedale/,0.0,0,48 Koobil Street Rochedale South,https://www.google.com/maps/search/?api=1&query=Physioworks+Rochedale+48+Koobil+Street+Rochedale+South,osm:node/9736083347
