score,tier,name,category,pitch_angle,instagram,facebook,phone,website,rating,reviews,address,maps_url,place_id
75,A,The Brass,cafe,no real website (uses www.facebook.com),,https://www.facebook.com/profile.php?id=100093799565639,+61 7 3113 3636,https://www.facebook.com/profile.php?id=100093799565639,0.0,0,116 Manson Road,https://www.google.com/maps/search/?api=1&query=The+Brass+116+Manson+Road,osm:node/389631264
75,A,Bardon Thyme,cafe,no real website (uses www.instagram.com),https://www.instagram.com/bardonthyme/?hl=en,,+61 433 022 991,https://www.instagram.com/bardonthyme/?hl=en,0.0,0,5 Morgan Terrace Bardon,https://www.google.com/maps/search/?api=1&query=Bardon+Thyme+5+Morgan+Terrace+Bardon,osm:node/2774179973
75,A,Graceville Moments Cafe,cafe,no real website (uses www.facebook.com),,https://www.facebook.com/gracevillemoments/,+61 402 680 192,https://www.facebook.com/gracevillemoments/,0.0,0,8 Bank Road Graceville,https://www.google.com/maps/search/?api=1&query=Graceville+Moments+Cafe+8+Bank+Road+Graceville,osm:node/4034170489
75,A,Remedy Espresso Cafe,cafe,no real website (uses www.facebook.com),,https://www.facebook.com/remedyec/,+61 7 3818 6687,https://www.facebook.com/remedyec/,0.0,0,1 Springfield Lakes Boulevard Springfield Lakes,https://www.google.com/maps/search/?api=1&query=Remedy+Espresso+Cafe+1+Springfield+Lakes+Boulevard+Springfield+Lakes,osm:node/4959695248
75,A,Story Behind The Coffee,cafe,no real website (uses www.facebook.com),,https://www.facebook.com/storybehindthecoffee/,+61 475 209 660,https://www.facebook.com/storybehindthecoffee/,0.0,0,89 Broadwater Road Mount Gravatt East,https://www.google.com/maps/search/?api=1&query=Story+Behind+The+Coffee+89+Broadwater+Road+Mount+Gravatt+East,osm:node/6236089503
75,A,Coffee Warden,cafe,no real website (uses www.facebook.com),,https://www.facebook.com/Coffee-Warden-Sandgate-380818316058328/,,https://www.facebook.com/Coffee-Warden-Sandgate-380818316058328/,0.0,0,74 Ward Street Sandgate,https://www.google.com/maps/search/?api=1&query=Coffee+Warden+74+Ward+Street+Sandgate,osm:node/9068696084
75,A,Paper Moon Coffee House and Functions,cafe,no real website (uses www.facebook.com),,https://www.facebook.com/profile.php?id=61584852192002,+61 408 135 812,https://www.facebook.com/profile.php?id=61584852192002,0.0,0,,https://www.google.com/maps/search/?api=1&query=Paper+Moon+Coffee+House+and+Functions,osm:node/9123207500
75,A,"Bancroft Roasters, Bardon",cafe,no real website (uses m.facebook.com),,https://m.facebook.com/story.php?story_fbid=2013500125499490&id=487145808134937&sfnsn=mo,,https://m.facebook.com/story.php?story_fbid=2013500125499490&id=487145808134937&sfnsn=mo,0.0,0,69 Bowman Parade Bardon,https://www.google.com/maps/search/?api=1&query=Bancroft+Roasters%2C+Bardon+69+Bowman+Parade+Bardon,osm:node/9144672728
75,A,Dropout Espresso,cafe,no real website (uses www.facebook.com),,https://www.facebook.com/Dropout-espresso-110045364260266/,+61 7 3289 5555,https://www.facebook.com/Dropout-espresso-110045364260266/,0.0,0,37 Main Street Samford Village,https://www.google.com/maps/search/?api=1&query=Dropout+Espresso+37+Main+Street+Samford+Village,osm:node/9722466737
75,A,Canter & Colt,cafe,no real website (uses www.facebook.com),,https://www.facebook.com/canterandcolt,+61 7 3289 1087,https://www.facebook.com/canterandcolt,0.0,0,42 Main Street Samford Village,https://www.google.com/maps/search/?api=1&query=Canter+%26+Colt+42+Main+Street+Samford+Village,osm:node/9722466760
75,A,Coffee on the Way,cafe,no real website (uses www.facebook.com),,https://www.facebook.com/people/Coffee-on-the-Way/100057414793271/,+61 407 900 595,https://www.facebook.com/people/Coffee-on-the-Way/100057414793271/,0.0,0,146 Ferny Way Ferny Hills,https://www.google.com/maps/search/?api=1&query=Coffee+on+the+Way+146+Ferny+Way+Ferny+Hills,osm:node/9813583077
75,A,Proud To Serve,cafe,no real website (uses www.facebook.com),,https://www.facebook.com/people/PROUD-to-SERVE/100083122461252/,+61 433 790 454,https://www.facebook.com/people/PROUD-to-SERVE/100083122461252/,0.0,0,202 Samford Road Enoggera,https://www.google.com/maps/search/?api=1&query=Proud+To+Serve+202+Samford+Road+Enoggera,osm:node/11150416784
75,A,Fraser's Newstead,cafe,no real website (uses www.instagram.com),https://www.instagram.com/frasersnewstead/,,,https://www.instagram.com/frasersnewstead/,0.0,0,12 Commercial Road,https://www.google.com/maps/search/?api=1&query=Fraser%27s+Newstead+12+Commercial+Road,osm:node/12145208585
75,A,Vinty Bean,cafe,no real website (uses www.instagram.com),https://www.instagram.com/vintybean/,,,https://www.instagram.com/vintybean/,0.0,0,53 Vernon Terrace,https://www.google.com/maps/search/?api=1&query=Vinty+Bean+53+Vernon+Terrace,osm:node/12724489665
75,A,The Woolshed.,cafe,no real website (uses www.instagram.com),https://www.instagram.com/woolshed.bne/,,,https://www.instagram.com/woolshed.bne/,0.0,0,15 Helen Street,https://www.google.com/maps/search/?api=1&query=The+Woolshed.+15+Helen+Street,osm:node/12738780913
75,A,Rooka Acai,cafe,no real website (uses www.instagram.com),https://www.instagram.com/rookaacai,,+61 435 383 803,https://www.instagram.com/rookaacai,0.0,0,,https://www.google.com/maps/search/?api=1&query=Rooka+Acai,osm:node/13264336826
75,A,El Cafe,cafe,no real website (uses www.facebook.com),https://www.instagram.com/elcafe2017,https://www.facebook.com/elcafe2017/,+61 451 522 419,https://www.facebook.com/elcafe2017/,0.0,0,27 Commercial Road Newstead,https://www.google.com/maps/search/?api=1&query=El+Cafe+27+Commercial+Road+Newstead,osm:node/14159289232
75,A,Little Red Providore,cafe,no real website (uses www.facebook.com),,https://www.facebook.com/littleredprovidore/,+61 7 3369 4044,https://www.facebook.com/littleredprovidore/,0.0,0,63 Windsor Road,https://www.google.com/maps/search/?api=1&query=Little+Red+Providore+63+Windsor+Road,osm:way/53155641
75,A,Sundays Cafe,cafe,no real website (uses www.facebook.com),,https://www.facebook.com/SundaysCoffeeHouseRocklea/,+61 7 3150 8771,https://www.facebook.com/SundaysCoffeeHouseRocklea/,0.0,0,59 Brooke Street Rocklea,https://www.google.com/maps/search/?api=1&query=Sundays+Cafe+59+Brooke+Street+Rocklea,osm:way/310777492
75,A,Pimnipa Thai Kitchen,restaurant,no real website (uses m.facebook.com),,https://m.facebook.com/61579010138892/,+61 422 906 464,https://m.facebook.com/61579010138892/,0.0,0,,https://www.google.com/maps/search/?api=1&query=Pimnipa+Thai+Kitchen,osm:node/10000844190
75,A,Block House Coffe,restaurant,no real website (uses www.facebook.com),,https://www.facebook.com/Blockhouseeatdrink/,+61 7 3172 6869,https://www.facebook.com/Blockhouseeatdrink/,0.0,0,130 Ryans Road Nundah,https://www.google.com/maps/search/?api=1&query=Block+House+Coffe+130+Ryans+Road+Nundah,osm:node/10187571033
75,A,Sushi Gruhi,restaurant,no real website (uses www.facebook.com),,https://www.facebook.com/sushiaruhi/,,https://www.facebook.com/sushiaruhi/,0.0,0,10 Lakeview Promenade Newport,https://www.google.com/maps/search/?api=1&query=Sushi+Gruhi+10+Lakeview+Promenade+Newport,osm:node/13444796822
75,A,Graceville Pizza,restaurant,no real website (uses www.facebook.com),,https://www.facebook.com/GracevillePizza/,+61 7 3568 6888,https://www.facebook.com/GracevillePizza/,0.0,0,158 Graceville Avenue,https://www.google.com/maps/search/?api=1&query=Graceville+Pizza+158+Graceville+Avenue,osm:node/14085277145
75,A,Momiji,restaurant,no real website (uses www.facebook.com),,https://www.facebook.com/MomijiJapaneseRestaurant/,+61 425 620 360,https://www.facebook.com/MomijiJapaneseRestaurant/,0.0,0,27 Commercial Road Newstead,https://www.google.com/maps/search/?api=1&query=Momiji+27+Commercial+Road+Newstead,osm:node/14159289216
75,A,Caxton Street Brewing Co,restaurant,no real website (uses www.instagram.com),https://www.instagram.com/caxtonstreetbrewing/?hl=en,,,https://www.instagram.com/caxtonstreetbrewing/?hl=en,0.0,0,52 Petrie Terrace,https://www.google.com/maps/search/?api=1&query=Caxton+Street+Brewing+Co+52+Petrie+Terrace,osm:way/369314757
75,A,Yabby Road,takeaway,no real website (uses www.facebook.com),,https://www.facebook.com/yabbeyroad/,+61 499 922 239,https://www.facebook.com/yabbeyroad/,0.0,0,133 Redcliffe Parade,https://www.google.com/maps/search/?api=1&query=Yabby+Road+133+Redcliffe+Parade,osm:node/7081690009
75,A,Kebab & Charcoal Place,takeaway,no real website (uses www.facebook.com),,https://www.facebook.com/kebabncharcoalplace,+61 7 3607 1058,https://www.facebook.com/kebabncharcoalplace,0.0,0,,https://www.google.com/maps/search/?api=1&query=Kebab+%26+Charcoal+Place,osm:node/9457099194
75,A,G-Free Donuts,takeaway,no real website (uses www.instagram.com),https://www.instagram.com/gfreedonuts.uq,,+61 404 599 213,https://www.instagram.com/gfreedonuts.uq,0.0,0,,https://www.google.com/maps/search/?api=1&query=G-Free+Donuts,osm:node/14088706960
75,A,Red Dolphin Seafoods,takeaway,no real website (uses www.facebook.com),,https://www.facebook.com/profile.php?id=100071592963125,+61 7 3284 8703,https://www.facebook.com/profile.php?id=100071592963125,0.0,0,17 Margate Parade,https://www.google.com/maps/search/?api=1&query=Red+Dolphin+Seafoods+17+Margate+Parade,osm:way/390556888
75,A,Flat Lizard Brewing,bar or pub,no real website (uses www.facebook.com),,https://www.facebook.com/flatlizardbrewing/,,https://www.facebook.com/flatlizardbrewing/,0.0,0,,https://www.google.com/maps/search/?api=1&query=Flat+Lizard+Brewing,osm:node/11357374949
75,A,Ferny Way Bakery,bakery,no real website (uses www.facebook.com),,https://www.facebook.com/Ferny-Way-Bakery-689190028097407/,+61 7 3351 2708,https://www.facebook.com/Ferny-Way-Bakery-689190028097407/,0.0,0,146 Ferny Way Ferny Hills,https://www.google.com/maps/search/?api=1&query=Ferny+Way+Bakery+146+Ferny+Way+Ferny+Hills,osm:node/9813583081
75,A,Karana Krusty Bakery,bakery,no real website (uses www.facebook.com),,https://www.facebook.com/Bakery-Karana-Downs-624286981023430/,+61 7 3201 0104,https://www.facebook.com/Bakery-Karana-Downs-624286981023430/,0.0,0,1 College Road Karana Downs,https://www.google.com/maps/search/?api=1&query=Karana+Krusty+Bakery+1+College+Road+Karana+Downs,osm:node/9839028501
75,A,Scotty Barberino's Barber Shop,barber or hairdresser,no real website (uses facebook.com),,https://facebook.com/scottybarberinos/,+61 7 3289 2468,https://facebook.com/scottybarberinos/,0.0,0,37 Main Street Samford Village,https://www.google.com/maps/search/?api=1&query=Scotty+Barberino%27s+Barber+Shop+37+Main+Street+Samford+Village,osm:node/615115537
75,A,Crown and Co Barbers,barber or hairdresser,no real website (uses www.facebook.com),,https://www.facebook.com/crownandcobarbers/?ref=page_internal,,https://www.facebook.com/crownandcobarbers/?ref=page_internal,0.0,0,Brunswick Street Fortitude Valley,https://www.google.com/maps/search/?api=1&query=Crown+and+Co+Barbers+Brunswick+Street+Fortitude+Valley,osm:node/7003674985
75,A,Bella Vision Hair Studio,barber or hairdresser,no real website (uses www.facebook.com),,https://www.facebook.com/bellavisionhairstudio132,+61 7 3351 0200,https://www.facebook.com/bellavisionhairstudio132/,0.0,0,146 Ferny Way Ferny Hills,https://www.google.com/maps/search/?api=1&query=Bella+Vision+Hair+Studio+146+Ferny+Way+Ferny+Hills,osm:node/9813583082
75,A,Brass Knuckles Barber,barber or hairdresser,no real website (uses www.instagram.com),https://www.instagram.com/brassknuckles_barber/,,+61 493 369 135,https://www.instagram.com/brassknuckles_barber/,0.0,0,448 Enoggera Road Alderley,https://www.google.com/maps/search/?api=1&query=Brass+Knuckles+Barber+448+Enoggera+Road+Alderley,osm:node/11180909945
75,A,Kin Barbershop,barber or hairdresser,no real website (uses kinbarbershop.square.site),,https://www.facebook.com/p/Kin-Barbershop-61557611918699,+61 411 614 614,https://kinbarbershop.square.site/,0.0,0,95 Samford Road Alderley,https://www.google.com/maps/search/?api=1&query=Kin+Barbershop+95+Samford+Road+Alderley,osm:node/12545535658
75,A,Terry Dobie Hairdressing,barber or hairdresser,no real website (uses terrydobiehair.wixsite.com),,https://www.facebook.com/Terrydobiehair/,,https://terrydobiehair.wixsite.com/mysite,0.0,0,210 Redland Bay Road Capalaba,https://www.google.com/maps/search/?api=1&query=Terry+Dobie+Hairdressing+210+Redland+Bay+Road+Capalaba,osm:node/13179363365
75,A,Nail Today,beauty salon,no real website (uses www.facebook.com),,https://www.facebook.com/profile.php?id=100063881476277,+61 414 266 235,https://www.facebook.com/profile.php?id=100063881476277,0.0,0,,https://www.google.com/maps/search/?api=1&query=Nail+Today,osm:node/9653127489
75,A,Kadison And Lealta,florist,no real website (uses www.facebook.com),,https://www.facebook.com/kadisonandlealta/,+61 431 454 413,https://www.facebook.com/kadisonandlealta/,0.0,0,,https://www.google.com/maps/search/?api=1&query=Kadison+And+Lealta,osm:node/9531229132
75,A,Canary Lane,boutique,no real website (uses www.facebook.com),,https://www.facebook.com/Canary-Lane-686290855153091/,+61 7 3852 2997,https://www.facebook.com/Canary-Lane-686290855153091/,0.0,0,,https://www.google.com/maps/search/?api=1&query=Canary+Lane,osm:node/9470434950
75,A,Shady Dayz Gifts & Homewares,gift or homewares,no real website (uses www.facebook.com),,https://www.facebook.com/shadydayzgifts/,+61 7 3289 1833,https://www.facebook.com/shadydayzgifts/,0.0,0,40 Main Street Samford Village,https://www.google.com/maps/search/?api=1&query=Shady+Dayz+Gifts+%26+Homewares+40+Main+Street+Samford+Village,osm:node/6284238877
75,A,Petrie 2nd Hand Furniture,gift or homewares,no real website (uses petrie-secondhand-furniture.business.site),,https://www.facebook.com/people/Petrie-secondhand-furniture/100057573274067/,+61 432 059 374,https://petrie-secondhand-furniture.business.site/,0.0,0,11 Dayboro Road,https://www.google.com/maps/search/?api=1&query=Petrie+2nd+Hand+Furniture+11+Dayboro+Road,osm:node/9531217766
75,A,Cherished Creations,gift or homewares,no real website (uses www.facebook.com),,https://www.facebook.com/cherishedcreationshandmade/,+61 419 343 235,https://www.facebook.com/cherishedcreationshandmade/,0.0,0,37 Main Street Samford Village,https://www.google.com/maps/search/?api=1&query=Cherished+Creations+37+Main+Street+Samford+Village,osm:node/9722466736
75,A,Makers on Main,gift or homewares,no real website (uses www.facebook.com),,https://www.facebook.com/Makers-On-Main-281063809243994/,+61 458 966 151,https://www.facebook.com/Makers-On-Main-281063809243994/,0.0,0,48 Main Street Samford Village,https://www.google.com/maps/search/?api=1&query=Makers+on+Main+48+Main+Street+Samford+Village,osm:node/9722466747
75,A,Shear Designz,pet business,no real website (uses www.facebook.com),,https://www.facebook.com/caninestylist.com.au/,+61 7 3889 0333,https://www.facebook.com/caninestylist.com.au/,0.0,0,,https://www.google.com/maps/search/?api=1&query=Shear+Designz,osm:node/9531241843
75,A,Next Up Performance & Dyno Tuning,mechanic,no real website (uses www.facebook.com),,https://www.facebook.com/next.up.5/,,https://www.facebook.com/next.up.5/,0.0,0,115 Dollis Street Rocklea,https://www.google.com/maps/search/?api=1&query=Next+Up+Performance+%26+Dyno+Tuning+115+Dollis+Street+Rocklea,osm:node/6282044511
75,A,Prince Auto & Tyre Service,mechanic,no real website (uses www.facebook.com),,https://www.facebook.com/princeauto111/,+61 402 779 568,https://www.facebook.com/princeauto111/,0.0,0,115 Dollis Street Rocklea,https://www.google.com/maps/search/?api=1&query=Prince+Auto+%26+Tyre+Service+115+Dollis+Street+Rocklea,osm:node/6282044560
75,A,Ascot Automotive,mechanic,no real website (uses www.facebook.com),,https://www.facebook.com/ascotautomotive4007/,+61 7 3262 2433,https://www.facebook.com/ascotautomotive4007/,0.0,0,,https://www.google.com/maps/search/?api=1&query=Ascot+Automotive,osm:node/9470360661
75,A,Dinmore Fruit Barn,deli or specialty food,no real website (uses www.facebook.com),,https://www.facebook.com/pages/Dinmore-Fruit-Barn/190399727707208,+61 7 3282 4221,https://www.facebook.com/pages/Dinmore-Fruit-Barn/190399727707208,0.0,0,25 Brisbane Road Dinmore,https://www.google.com/maps/search/?api=1&query=Dinmore+Fruit+Barn+25+Brisbane+Road+Dinmore,osm:node/11935977737
67,A,Supperclub Maggie May,restaurant,security certificate error (browsers warn visitors away),https://www.instagram.com/maggiemaybne,https://www.facebook.com/maggiemaybne,+61 7 3166 2479,https://maggiemaybne.com.au/,0.0,0,84 Longland Street Newstead,https://www.google.com/maps/search/?api=1&query=Supperclub+Maggie+May+84+Longland+Street+Newstead,osm:node/4648425493
67,A,Wavell Heights Kindergarten,childcare,security certificate error (browsers warn visitors away),,https://www.facebook.com/WHKindy/,,https://www.wavellheightskindergarten.com.au,0.0,0,175 Edinburgh Castle Road Wavell Heights,https://www.google.com/maps/search/?api=1&query=Wavell+Heights+Kindergarten+175+Edinburgh+Castle+Road+Wavell+Heights,osm:way/1429709819
67,A,Dutton Park Family Dental,dentist,security certificate error (browsers warn visitors away),https://www.instagram.com/duttonparkfamilydental,,+61 7 3179 7800,https://www.duttonparkfamilydental.com.au/,0.0,0,,https://www.google.com/maps/search/?api=1&query=Dutton+Park+Family+Dental,osm:node/14178875661
67,A,Oxley Nursery,landscaper,security certificate error (browsers warn visitors away),,https://www.facebook.com/oxleynursery/,,https://www.oxleynursery.com.au/,0.0,0,174 Dowding Street Oxley,https://www.google.com/maps/search/?api=1&query=Oxley+Nursery+174+Dowding+Street+Oxley,osm:node/12697735512
58,B,Embroidery Queen,boutique,no HTTPS (browser shows 'Not secure'); not mobile-friendly (no viewport tag),https://www.instagram.com/embroideryqueenau,https://www.facebook.com/EmbroideryQueens,+61 422 597 294,http://www.embroideryqueen.com.au/,0.0,0,,https://www.google.com/maps/search/?api=1&query=Embroidery+Queen,osm:node/10246022829
58,B,Proactive Coaching,allied health,no HTTPS (browser shows 'Not secure'); not mobile-friendly (no viewport tag),,https://www.facebook.com/lindsay.trims,+61 411 036 297,http://proactivecoaching.net/,0.0,0,288 Dawson Parade Arana Hills,https://www.google.com/maps/search/?api=1&query=Proactive+Coaching+288+Dawson+Parade+Arana+Hills,osm:node/12090188674
58,B,Av-A-Chat Cafe,cafe,"no website listed, only social media (verify on Google Maps)",,https://www.facebook.com/vietnameseavachatcafe/,,,0.0,0,,https://www.google.com/maps/search/?api=1&query=Av-A-Chat+Cafe,osm:node/375807944
58,B,Croix Croissant,cafe,"no website listed, only social media (verify on Google Maps)",https://www.instagram.com/croixssant.bne,,,,0.0,0,68 Commercial Road,https://www.google.com/maps/search/?api=1&query=Croix+Croissant+68+Commercial+Road,osm:node/2517306125
58,B,Blue Poppy,cafe,"no website listed, only social media (verify on Google Maps)",,http://facebook.com/thebluepoppy/,,,0.0,0,32 Asquith Street,https://www.google.com/maps/search/?api=1&query=Blue+Poppy+32+Asquith+Street,osm:node/3994876142
58,B,The Single Guys Coffee Co.,cafe,"no website listed, only social media (verify on Google Maps)",,https://www.facebook.com/thesingleguys/,,,0.0,0,,https://www.google.com/maps/search/?api=1&query=The+Single+Guys+Coffee+Co.,osm:node/5026396981
58,B,York St Espresso Bar,cafe,"no website listed, only social media (verify on Google Maps)",,https://www.facebook.com/yorkstreetespressobar/,+61 433 463 420,,0.0,0,83 York Street Nundah,https://www.google.com/maps/search/?api=1&query=York+St+Espresso+Bar+83+York+Street+Nundah,osm:node/5142262303
58,B,Cafe Bliss,cafe,"no website listed, only social media (verify on Google Maps)",,https://www.facebook.com/people/CAFE-BLISS-Kenmore/61577009025197/,,,0.0,0,,https://www.google.com/maps/search/?api=1&query=Cafe+Bliss,osm:node/5589513485
58,B,Fiori Kitchen and Bar,cafe,"no website listed, only social media (verify on Google Maps)",,https://www.facebook.com/Fiori.Kitchen.bar/,,,0.0,0,,https://www.google.com/maps/search/?api=1&query=Fiori+Kitchen+and+Bar,osm:node/5589513486
58,B,BizziBee Cafe,cafe,"no website listed, only social media (verify on Google Maps)",,https://www.facebook.com/bizzibeecafe/,,,0.0,0,,https://www.google.com/maps/search/?api=1&query=BizziBee+Cafe,osm:node/5795024464
58,B,Vito's Cucina & Bar Ascot,cafe,"no website listed, only social media (verify on Google Maps)",,https://www.facebook.com/vitosascot/,,,0.0,0,188 Nudgee Road Ascot,https://www.google.com/maps/search/?api=1&query=Vito%27s+Cucina+%26+Bar+Ascot+188+Nudgee+Road+Ascot,osm:node/6364769860
58,B,Mean Beanz Espresso,cafe,"no website listed, only social media (verify on Google Maps)",,https://www.facebook.com/MeanBeanzEspresso,,,0.0,0,60 Blamey Street Kelvin Grove,https://www.google.com/maps/search/?api=1&query=Mean+Beanz+Espresso+60+Blamey+Street+Kelvin+Grove,osm:node/6389769199
58,B,Nurse Station Coffee and Juice Bar,cafe,"no website listed, only social media (verify on Google Maps)",https://www.instagram.com/nursestationcafe,https://www.facebook.com/nursestationcafe,+61 7 3010 5722,,0.0,0,,https://www.google.com/maps/search/?api=1&query=Nurse+Station+Coffee+and+Juice+Bar,osm:node/6649838306
58,B,Doc Brown,cafe,"no website listed, only social media (verify on Google Maps)",,https://www.facebook.com/docbrowncafe,,,0.0,0,,https://www.google.com/maps/search/?api=1&query=Doc+Brown,osm:node/6897256151
58,B,Upbeat,cafe,"no website listed, only social media (verify on Google Maps)",https://www.instagram.com/upbeat.cafe_/,https://www.facebook.com/people/Upbeat-Cafe/61578887307099/,,,0.0,0,,https://www.google.com/maps/search/?api=1&query=Upbeat,osm:node/7940317715
58,B,Laneway 86,cafe,"no website listed, only social media (verify on Google Maps)",https://www.instagram.com/laneway86/,,,,0.0,0,,https://www.google.com/maps/search/?api=1&query=Laneway+86,osm:node/9263386994
58,B,Mow and Co.,cafe,"no website listed, only social media (verify on Google Maps)",https://www.instagram.com/hellomowandco/,,,,0.0,0,,https://www.google.com/maps/search/?api=1&query=Mow+and+Co.,osm:node/9687104608
58,B,Fiddle Leaf,cafe,"no website listed, only social media (verify on Google Maps)",,https://www.facebook.com/fiddleleafbrisbane,+61 7 3902 1361,,0.0,0,7 Corio Street Bulimba,https://www.google.com/maps/search/?api=1&query=Fiddle+Leaf+7+Corio+Street+Bulimba,osm:node/9702934458
58,B,Pure Shot Cafe,cafe,"no website listed, only social media (verify on Google Maps)",,https://www.facebook.com/pureshotcafe,,,0.0,0,28 Doherty Street Brendale,https://www.google.com/maps/search/?api=1&query=Pure+Shot+Cafe+28+Doherty+Street+Brendale,osm:node/9903331792
58,B,Sips O'clock,cafe,"no website listed, only social media (verify on Google Maps)",https://www.instagram.com/sipsoclock/,,,,0.0,0,75 Grey Street South Brisbane,https://www.google.com/maps/search/?api=1&query=Sips+O%27clock+75+Grey+Street+South+Brisbane,osm:node/10001812941
58,B,Grumpy Monkey's Coffee Nook,cafe,"no website listed, only social media (verify on Google Maps)",,https://www.facebook.com/GrumpyMonkeysCoffeeNook/,,,0.0,0,,https://www.google.com/maps/search/?api=1&query=Grumpy+Monkey%27s+Coffee+Nook,osm:node/10243598143
58,B,The Baristorian,cafe,"no website listed, only social media (verify on Google Maps)",,https://www.facebook.com/TheBaristorian/,,,0.0,0,165 Main Avenue,https://www.google.com/maps/search/?api=1&query=The+Baristorian+165+Main+Avenue,osm:node/10836721188
58,B,Death Star Canteen,cafe,"no website listed, only social media (verify on Google Maps)",https://instagram.com/deathstarbrisbane,https://facebook.com/deathstarcanteenbrisbane/,,,0.0,0,,https://www.google.com/maps/search/?api=1&query=Death+Star+Canteen,osm:node/10897848650
58,B,POD Espresso,cafe,"no website listed, only social media (verify on Google Maps)",,https://www.facebook.com/podespresso/,+61 435 273 186,,0.0,0,275 Stafford Road Stafford,https://www.google.com/maps/search/?api=1&query=POD+Espresso+275+Stafford+Road+Stafford,osm:node/11092838537
58,B,Make My Day,cafe,"no website listed, only social media (verify on Google Maps)",https://www.instagram.com/makemyday.cafe,,,,0.0,0,3c Gibbon Street,https://www.google.com/maps/search/?api=1&query=Make+My+Day+3c+Gibbon+Street,osm:node/12475184494
58,B,La Familia Espesso Bar,cafe,"no website listed, only social media (verify on Google Maps)",,https://www.facebook.com/lafamiliacoffeeco,+61 434 901 366,,0.0,0,20 Minimine Street,https://www.google.com/maps/search/?api=1&query=La+Familia+Espesso+Bar+20+Minimine+Street,osm:node/12714931559
58,B,I DO,cafe,"no website listed, only social media (verify on Google Maps)",https://www.instagram.com/idocafe_auchenflower,,+61 493 713 688,,0.0,0,28 Grimes Street Auchenflower,https://www.google.com/maps/search/?api=1&query=I+DO+28+Grimes+Street+Auchenflower,osm:node/12993513396
58,B,Rocklea Roast,cafe,"no website listed, only social media (verify on Google Maps)",https://www.instagram.com/rocklearoast,,,,0.0,0,,https://www.google.com/maps/search/?api=1&query=Rocklea+Roast,osm:node/13058794991
58,B,Studio Solo and Co,cafe,"no website listed, only social media (verify on Google Maps)",,https://www.facebook.com/p/Studio-Solo-Co-100063505363434/,,,0.0,0,20 Nellie Street Nundah,https://www.google.com/maps/search/?api=1&query=Studio+Solo+and+Co+20+Nellie+Street+Nundah,osm:node/13164289071
58,B,Double Maker Coffee,cafe,"no website listed, only social media (verify on Google Maps)",,https://www.facebook.com/DoubleMakerCoffee,,,0.0,0,126 Margaret Street,https://www.google.com/maps/search/?api=1&query=Double+Maker+Coffee+126+Margaret+Street,osm:node/13300720301
58,B,Zmirk Co.,cafe,"no website listed, only social media (verify on Google Maps)",https://www.instagram.com/zmirk.bne,,,,0.0,0,220 Annerley Road,https://www.google.com/maps/search/?api=1&query=Zmirk+Co.+220+Annerley+Road,osm:node/13476127601
58,B,Manka Cafe,cafe,"no website listed, only social media (verify on Google Maps)",https://www.instagram.com/manka_cafe,,,,0.0,0,,https://www.google.com/maps/search/?api=1&query=Manka+Cafe,osm:node/13687480301
58,B,Orange Tea Brisbane One,cafe,"no website listed, only social media (verify on Google Maps)",,https://www.facebook.com/OrangeTeaAustralia,+61 413 871 636,,0.0,0,Peel Street,https://www.google.com/maps/search/?api=1&query=Orange+Tea+Brisbane+One+Peel+Street,osm:node/13921873501
58,B,Snug Cafe,cafe,"no website listed, only social media (verify on Google Maps)",https://www.instagram.com/snug.bne,,,,0.0,0,321 Chatsworth Road,https://www.google.com/maps/search/?api=1&query=Snug+Cafe+321+Chatsworth+Road,osm:node/13982239304
58,B,Cafe 33,cafe,"no website listed, only social media (verify on Google Maps)",https://www.instagram.com/cafe_33_brisbane,,,,0.0,0,,https://www.google.com/maps/search/?api=1&query=Cafe+33,osm:node/14199527201
58,B,Augustus Espresso,cafe,"no website listed, only social media (verify on Google Maps)",,https://www.facebook.com/Augustus.Espresso/,+61 7 3902 0025,,0.0,0,140 Oxford Street Bulimba,https://www.google.com/maps/search/?api=1&query=Augustus+Espresso+140+Oxford+Street+Bulimba,osm:way/490615377
58,B,Abode Cafe,cafe,"no website listed, only social media (verify on Google Maps)",,https://www.facebook.com/abodeonHillsdon,+61 7 3371 9874,,0.0,0,,https://www.google.com/maps/search/?api=1&query=Abode+Cafe,osm:way/589457014
58,B,Le Cafe Ashgrove,cafe,"no website listed, only social media (verify on Google Maps)",,https://www.facebook.com/Lecafeashgrove/,+61 7 3366 6234,,0.0,0,486 Waterworks Road Ashgrove,https://www.google.com/maps/search/?api=1&query=Le+Cafe+Ashgrove+486+Waterworks+Road+Ashgrove,osm:way/864923427
58,B,Farmhouse Cafe,cafe,"no website listed, only social media (verify on Google Maps)",https://www.instagram.com/FARMHOUSEKEDRON,https://www.facebook.com/farmhousekedron/,+61 7 3861 1956,,0.0,0,9 Somerset Road Kedron,https://www.google.com/maps/search/?api=1&query=Farmhouse+Cafe+9+Somerset+Road+Kedron,osm:way/1354064483
58,B,Snag & Brown,cafe,"no website listed, only social media (verify on Google Maps)",,https://www.facebook.com/snagandbrownannerley/,+61 7 3848 8139,,0.0,0,97 Ekibin Road Annerley,https://www.google.com/maps/search/?api=1&query=Snag+%26+Brown+97+Ekibin+Road+Annerley,osm:way/1374625114
58,B,Ben's Burgers,restaurant,"no website listed, only social media (verify on Google Maps)",,https://www.facebook.com/bensburgers,,,0.0,0,5 Winn Street Fortitude Valley,https://www.google.com/maps/search/?api=1&query=Ben%27s+Burgers+5+Winn+Street+Fortitude+Valley,osm:node/3006093581
58,B,Wara Wara,restaurant,"no website listed, only social media (verify on Google Maps)",,https://www.facebook.com/warawarabrisbane,,,0.0,0,153 Elizabeth Street,https://www.google.com/maps/search/?api=1&query=Wara+Wara+153+Elizabeth+Street,osm:node/3128715411
58,B,Buncha Buncha,restaurant,"no website listed, only social media (verify on Google Maps)",,https://m.facebook.com/BunchaBunchaQLD/,,,0.0,0,405 Logan Road Stones Corner,https://www.google.com/maps/search/?api=1&query=Buncha+Buncha+405+Logan+Road+Stones+Corner,osm:node/5695593668
58,B,Stickybeak,restaurant,"no website listed, only social media (verify on Google Maps)",https://www.instagram.com/Stickybeakwinebar,,,,0.0,0,,https://www.google.com/maps/search/?api=1&query=Stickybeak,osm:node/5809757608
58,B,Asia Canteen,restaurant,"no website listed, only social media (verify on Google Maps)",,https://www.facebook.com/people/Asia-Canteen/100063772110992/,+61 7 3351 0668,,0.0,0,1 Patricks Road Arana Hills,https://www.google.com/maps/search/?api=1&query=Asia+Canteen+1+Patricks+Road+Arana+Hills,osm:node/6415407710
58,B,Latin Manna,restaurant,"no website listed, only social media (verify on Google Maps)",,https://www.facebook.com/LATIN.MANNA,+61 414 769 609,,0.0,0,,https://www.google.com/maps/search/?api=1&query=Latin+Manna,osm:node/9046547293
58,B,Passion Sushi,restaurant,"no website listed, only social media (verify on Google Maps)",,https://www.facebook.com/passionsushi.com.au,,,0.0,0,329 Gardner Road Rochedale,https://www.google.com/maps/search/?api=1&query=Passion+Sushi+329+Gardner+Road+Rochedale,osm:node/11989921373
58,B,Nekoland Ramen & Bar,restaurant,"no website listed, only social media (verify on Google Maps)",https://www.instagram.com/nekoland.westend,,+61 414 771 918,,0.0,0,120 Boundary Street,https://www.google.com/maps/search/?api=1&query=Nekoland+Ramen+%26+Bar+120+Boundary+Street,osm:node/13897886001
58,B,Ho Choi,restaurant,"no website listed, only social media (verify on Google Maps)",,https://www.facebook.com/p/Ho-Choi-Licensed-Restaurant-100040303334335/,+61 7 3848 3785,,0.0,0,204 Beaudesert Road Moorooka,https://www.google.com/maps/search/?api=1&query=Ho+Choi+204+Beaudesert+Road+Moorooka,osm:way/953265228
58,B,The White House Waterford,restaurant,"no website listed, only social media (verify on Google Maps)",,https://www.facebook.com/The Whitehouse Waterford,,,0.0,0,9-11 Nerang Street Waterford,https://www.google.com/maps/search/?api=1&query=The+White+House+Waterford+9-11+Nerang+Street+Waterford,osm:way/1322772515
58,B,Red Hill Seafoods,takeaway,"no website listed, only social media (verify on Google Maps)",,https://www.facebook.com/RedHillSeafood,+61 7 3369 1424,,0.0,0,22 Enoggera Terrace Red Hill,https://www.google.com/maps/search/?api=1&query=Red+Hill+Seafoods+22+Enoggera+Terrace+Red+Hill,osm:node/324565046
58,B,Nessie's Fish Bite,takeaway,"no website listed, only social media (verify on Google Maps)",,http://www.facebook.com/nessiesfishbite,+61 7 3491 8838,,0.0,0,14-18 Discovery Drive,https://www.google.com/maps/search/?api=1&query=Nessie%27s+Fish+Bite+14-18+Discovery+Drive,osm:node/1201407946
58,B,Lily & Lala Kebab,takeaway,"no website listed, only social media (verify on Google Maps)",,https://www.facebook.com/people/LilyLalas-Kebab/61568934639796/,,,0.0,0,,https://www.google.com/maps/search/?api=1&query=Lily+%26+Lala+Kebab,osm:node/5589516582
58,B,Clove,takeaway,"no website listed, only social media (verify on Google Maps)",,https://facebook.com/pages/category/Restaurant/CLOVE-WEST-END-107877521487899/,,,0.0,0,,https://www.google.com/maps/search/?api=1&query=Clove,osm:node/8868180944
58,B,Mount Cotton Seafood,takeaway,"no website listed, only social media (verify on Google Maps)",,https://www.facebook.com/mountcottonseafood,,,0.0,0,101 Valley Way Mount Cotton,https://www.google.com/maps/search/?api=1&query=Mount+Cotton+Seafood+101+Valley+Way+Mount+Cotton,osm:node/9921086904
58,B,King of the Wings,takeaway,"no website listed, only social media (verify on Google Maps)",,https://www.facebook.com/kingofthewingsbrisbane/,+61 7 3607 2032,,0.0,0,240 Stafford Road Stafford,https://www.google.com/maps/search/?api=1&query=King+of+the+Wings+240+Stafford+Road+Stafford,osm:node/11092616941
58,B,Rocklea Kebab and Pizza,takeaway,"no website listed, only social media (verify on Google Maps)",,https://www.facebook.com/RockleaKebabandpizza/,+61 7 3162 2670,,0.0,0,,https://www.google.com/maps/search/?api=1&query=Rocklea+Kebab+and+Pizza,osm:node/13058813691
58,B,The Deck,takeaway,"no website listed, only social media (verify on Google Maps)",,https://www.facebook.com/thedecktakeawayfood/,,,0.0,0,3 Currumbin Court Capalaba,https://www.google.com/maps/search/?api=1&query=The+Deck+3+Currumbin+Court+Capalaba,osm:node/13179363368
58,B,Suburban Social,bar or pub,"no website listed, only social media (verify on Google Maps)",,https://www.facebook.com/SuburbanSocialNeighbourhoodBarandKitchen/,,,0.0,0,,https://www.google.com/maps/search/?api=1&query=Suburban+Social,osm:node/5219078277
58,B,Maker,bar or pub,"no website listed, only social media (verify on Google Maps)",https://www.instagram.com/makerbrisbane/,,,,0.0,0,9 Fish Lane South Brisbane,https://www.google.com/maps/search/?api=1&query=Maker+9+Fish+Lane+South+Brisbane,osm:node/13161605383
58,B,88 BILLIARDS,bar or pub,"no website listed, only social media (verify on Google Maps)",https://www.instagram.com/88billiards,,+61 416 253 407,,0.0,0,115 Boundary Street,https://www.google.com/maps/search/?api=1&query=88+BILLIARDS+115+Boundary+Street,osm:node/13207988601
58,B,Bar Cooper's,bar or pub,"no website listed, only social media (verify on Google Maps)",https://www.instagram.com/barcoopers.bne,,,,0.0,0,321 Chatsworth Road,https://www.google.com/maps/search/?api=1&query=Bar+Cooper%27s+321+Chatsworth+Road,osm:node/13984675501
58,B,QUIVR GAR,bar or pub,"no website listed, only social media (verify on Google Maps)",https://www.instagram.com/thequivr,,,,0.0,0,5D Winn Lane,https://www.google.com/maps/search/?api=1&query=QUIVR+GAR+5D+Winn+Lane,osm:node/14074612901
58,B,Stafford Tavern,bar or pub,"no website listed, only social media (verify on Google Maps)",,https://www.facebook.com/thestaffordtavern,+61 7 3513 2100,,0.0,0,51 Webster Road Stafford,https://www.google.com/maps/search/?api=1&query=Stafford+Tavern+51+Webster+Road+Stafford,osm:way/1204311827
58,B,Kenmore Village Bakery,bakery,"no website listed, only social media (verify on Google Maps)",,https://www.facebook.com/kenmorebakery/,,,0.0,0,,https://www.google.com/maps/search/?api=1&query=Kenmore+Village+Bakery,osm:node/5589513493
58,B,Mount Cotton Sourdough Bakers,bakery,"no website listed, only social media (verify on Google Maps)",,https://www.facebook.com/Mountcottonsourdoughbakers/,,,0.0,0,101 Valley Way Mount Cotton,https://www.google.com/maps/search/?api=1&query=Mount+Cotton+Sourdough+Bakers+101+Valley+Way+Mount+Cotton,osm:node/9921086905
58,B,Mountview Bakehouse,bakery,"no website listed, only social media (verify on Google Maps)",,https://www.facebook.com/mountviewbakehouse/,,,0.0,0,171-191 School Road Redbank Plains,https://www.google.com/maps/search/?api=1&query=Mountview+Bakehouse+171-191+School+Road+Redbank+Plains,osm:node/11902802779
58,B,Mum's Bakehouse,bakery,"no website listed, only social media (verify on Google Maps)",,https://www.facebook.com/kedronmumsbakehouse/?_rdr,+61 403 998 838,,0.0,0,206 Gympie Road Kedron,https://www.google.com/maps/search/?api=1&query=Mum%27s+Bakehouse+206+Gympie+Road+Kedron,osm:way/1368011096
58,B,Stranz Hair Design,barber or hairdresser,"no website listed, only social media (verify on Google Maps)",,https://www.facebook.com/stranzhairdesignbulimba/,+61 7 3399 7699,,0.0,0,141 Oxford Street Bulimba,https://www.google.com/maps/search/?api=1&query=Stranz+Hair+Design+141+Oxford+Street+Bulimba,osm:node/4828066569
58,B,Jules & Ginger,barber or hairdresser,"no website listed, only social media (verify on Google Maps)",,https://www.facebook.com/julesandginger,,,0.0,0,135 Riding Road Hawthorne,https://www.google.com/maps/search/?api=1&query=Jules+%26+Ginger+135+Riding+Road+Hawthorne,osm:node/4933723753
58,B,Jack's Barber,barber or hairdresser,"no website listed, only social media (verify on Google Maps)",,https://www.facebook.com/jacksbarber4171,+61 7 3399 9900,,0.0,0,135 Riding Road Hawthorne,https://www.google.com/maps/search/?api=1&query=Jack%27s+Barber+135+Riding+Road+Hawthorne,osm:node/4933723755
58,B,Charlie Parrella Hairdresser,barber or hairdresser,"no website listed, only social media (verify on Google Maps)",,https://www.facebook.com/483499168383610,+61 424 039 183,,0.0,0,2 Manson Road,https://www.google.com/maps/search/?api=1&query=Charlie+Parrella+Hairdresser+2+Manson+Road,osm:node/6267178656
58,B,MC Barbers,barber or hairdresser,"no website listed, only social media (verify on Google Maps)",,https://www.facebook.com/Mcbarbers2021,,,0.0,0,101 Valley Way Mount Cotton,https://www.google.com/maps/search/?api=1&query=MC+Barbers+101+Valley+Way+Mount+Cotton,osm:node/9921086901
58,B,Hair to be,barber or hairdresser,"no website listed, only social media (verify on Google Maps)",https://www.instagram.com/hairtobeaustralia/,,+61 7 3134 2526,,0.0,0,195 Vienna Road Alexandra Hills,https://www.google.com/maps/search/?api=1&query=Hair+to+be+195+Vienna+Road+Alexandra+Hills,osm:node/11905577621
58,B,OU Hair,barber or hairdresser,"no website listed, only social media (verify on Google Maps)",https://www.instagram.com/ouhair_rochedale/?hl=en,https://www.facebook.com/ouhairRochedale,,,0.0,0,329 Gardner Road Rochedale,https://www.google.com/maps/search/?api=1&query=OU+Hair+329+Gardner+Road+Rochedale,osm:node/11989921371
58,B,The Secret Hair Color,barber or hairdresser,"no website listed, only social media (verify on Google Maps)",,https://www.facebook.com/thesecrethaircolor/,+61 422 522 311,,0.0,0,,https://www.google.com/maps/search/?api=1&query=The+Secret+Hair+Color,osm:node/12150804314
58,B,Eddy’s Barber Shop,barber or hairdresser,"no website listed, only social media (verify on Google Maps)",,https://www.facebook.com/Moorooka/,,,0.0,0,204 Beaudesert Road Moorooka,https://www.google.com/maps/search/?api=1&query=Eddy%E2%80%99s+Barber+Shop+204+Beaudesert+Road+Moorooka,osm:node/12372600576
58,B,Hikari Hair Studio,barber or hairdresser,"no website listed, only social media (verify on Google Maps)",,https://www.facebook.com/hikarihairstudio,,,0.0,0,85 Mawson Street Stafford Heights,https://www.google.com/maps/search/?api=1&query=Hikari+Hair+Studio+85+Mawson+Street+Stafford+Heights,osm:node/13079620655
58,B,Kaija Hairdresser,barber or hairdresser,"no website listed, only social media (verify on Google Maps)",,https://www.facebook.com/p/Kaija-hairdressing-make-up--100054313728630/,+61 414 568 084,,0.0,0,64 Park Road Wooloowin,https://www.google.com/maps/search/?api=1&query=Kaija+Hairdresser+64+Park+Road+Wooloowin,osm:way/1217435820
58,B,Isabis Hair,beauty salon,"no website listed, only social media (verify on Google Maps)",,https://www.facebook.com/isabishair,,,0.0,0,82 Leicester Street Coorparoo,https://www.google.com/maps/search/?api=1&query=Isabis+Hair+82+Leicester+Street+Coorparoo,osm:node/360140481
58,B,Soie Nails,beauty salon,"no website listed, only social media (verify on Google Maps)",,https://www.facebook.com/soienailskvillage/,,,0.0,0,,https://www.google.com/maps/search/?api=1&query=Soie+Nails,osm:node/5589516590
58,B,Satisfied Nail,beauty salon,"no website listed, only social media (verify on Google Maps)",,https://www.facebook.com/satisfiednail/,,,0.0,0,,https://www.google.com/maps/search/?api=1&query=Satisfied+Nail,osm:node/8855479907
58,B,9889 Nails and Beauty,beauty salon,"no website listed, only social media (verify on Google Maps)",,https://www.facebook.com/9889nailsandbeauty,,,0.0,0,101 Valley Way Mount Cotton,https://www.google.com/maps/search/?api=1&query=9889+Nails+and+Beauty+101+Valley+Way+Mount+Cotton,osm:node/9921086900
58,B,Nails59,beauty salon,"no website listed, only social media (verify on Google Maps)",https://www.instagram.com/nails59_rochedale/,,+61 424 399 993,,0.0,0,329 Gardner Road Rochedale,https://www.google.com/maps/search/?api=1&query=Nails59+329+Gardner+Road+Rochedale,osm:node/11989921370
58,B,Fairouz Threading & Eyelashes,beauty salon,"no website listed, only social media (verify on Google Maps)",,https://www.facebook.com/fairouz.beauty,,,0.0,0,,https://www.google.com/maps/search/?api=1&query=Fairouz+Threading+%26+Eyelashes,osm:node/12450603762
58,B,T Massage,massage or spa,"no website listed, only social media (verify on Google Maps)",,https://www.facebook.com/T-Massage-100679675602823/,,,0.0,0,,https://www.google.com/maps/search/?api=1&query=T+Massage,osm:node/8855479908
58,B,Soul Thai Massage,massage or spa,"no website listed, only social media (verify on Google Maps)",,https://www.facebook.com/profile.php?id=100086356354712,,,0.0,0,329 Gardner Road Rochedale,https://www.google.com/maps/search/?api=1&query=Soul+Thai+Massage+329+Gardner+Road+Rochedale,osm:node/11989921377
58,B,Massage Health Centre,massage or spa,"no website listed, only social media (verify on Google Maps)",,https://www.facebook.com/MassagehealthcentreHamilton/?_rdr,+61 7 3122 1767,,0.0,0,33 Racecourse Road Hamilton,https://www.google.com/maps/search/?api=1&query=Massage+Health+Centre+33+Racecourse+Road+Hamilton,osm:node/12644688371
58,B,Flowers by Louise,florist,"no website listed, only social media (verify on Google Maps)",,https://www.facebook.com/Flowers-by-Louise-Inspired-by-you-113504464161306/,+61 485 093 748,,0.0,0,5 Stanley Street Acacia Ridge,https://www.google.com/maps/search/?api=1&query=Flowers+by+Louise+5+Stanley+Street+Acacia+Ridge,osm:node/6283756210
58,B,Wedding N Florist,florist,"no website listed, only social media (verify on Google Maps)",,https://www.facebook.com/profile.php?id=100066631573794,+61 7 3206 4254,,0.0,0,58 Boundary Road Thornlands,https://www.google.com/maps/search/?api=1&query=Wedding+N+Florist+58+Boundary+Road+Thornlands,osm:node/12700748159
58,B,Brandons Shoe Repairs,boutique,"no website listed, only social media (verify on Google Maps)",,https://www.facebook.com/people/Brandons-Shoe-Repairs/100057123895028/,+61 7 3848 1856,,0.0,0,,https://www.google.com/maps/search/?api=1&query=Brandons+Shoe+Repairs,osm:node/456713101
58,B,Etcetera Leisure Plus,boutique,"no website listed, only social media (verify on Google Maps)",,https://www.facebook.com/people/Etcetera-Leisure-Plus/61550838810039/,,,0.0,0,,https://www.google.com/maps/search/?api=1&query=Etcetera+Leisure+Plus,osm:node/5589512164
58,B,Studio M by Margarita,boutique,"no website listed, only social media (verify on Google Maps)",,https://www.facebook.com/StudioMbyMargarita,,,0.0,0,,https://www.google.com/maps/search/?api=1&query=Studio+M+by+Margarita,osm:node/5589512167
58,B,Palmbee Capalaba HQ,boutique,"no website listed, only social media (verify on Google Maps)",https://www.instagram.com/palmbeeaustralia,https://www.facebook.com/palmbeexx,+61 434 066 266,,0.0,0,91 Redland Bay Road Capalaba,https://www.google.com/maps/search/?api=1&query=Palmbee+Capalaba+HQ+91+Redland+Bay+Road+Capalaba,osm:node/11597924859
58,B,VIS,gift or homewares,"no website listed, only social media (verify on Google Maps)",https://www.instagram.com/visgiftshop/?hl=en,,,,0.0,0,,https://www.google.com/maps/search/?api=1&query=VIS,osm:node/6295526991
58,B,Our Sun Room,gift or homewares,"no website listed, only social media (verify on Google Maps)",,https://www.facebook.com/oursunroom/,,,0.0,0,498 Waterworks Road Ashgrove,https://www.google.com/maps/search/?api=1&query=Our+Sun+Room+498+Waterworks+Road+Ashgrove,osm:way/864923425
58,B,Aloha Hound,pet business,"no website listed, only social media (verify on Google Maps)",,https://m.facebook.com/alohahound/,+61 493 449 752,,0.0,0,,https://www.google.com/maps/search/?api=1&query=Aloha+Hound,osm:node/10245952703
58,B,Redlands Produce,pet business,"no website listed, only social media (verify on Google Maps)",,https://www.facebook.com/RedlandsProduce/,+61 7 3206 0069,,0.0,0,87 Boundary Road Thornlands,https://www.google.com/maps/search/?api=1&query=Redlands+Produce+87+Boundary+Road+Thornlands,osm:way/875752668
58,B,Inksane,tattoo studio,"no website listed, only social media (verify on Google Maps)",,https://facebook.com/inksanetattooqld/,+61 7 3172 6331,,0.0,0,199 Progress Road,https://www.google.com/maps/search/?api=1&query=Inksane+199+Progress+Road,osm:node/7281695685
58,B,Voodoo Tattoo,tattoo studio,"no website listed, only social media (verify on Google Maps)",,https://www.facebook.com/Voodoo-Tattoo-193688920647994/,+61 7 3801 2912,,0.0,0,,https://www.google.com/maps/search/?api=1&query=Voodoo+Tattoo,osm:node/10245966019
58,B,Stafford Tattoo,tattoo studio,"no website listed, only social media (verify on Google Maps)",,https://www.facebook.com/st.tattoos/,+61 7 3357 6696,,0.0,0,259 Stafford Road Stafford,https://www.google.com/maps/search/?api=1&query=Stafford+Tattoo+259+Stafford+Road+Stafford,osm:node/11090963678
58,B,Save Point Tattoo,tattoo studio,"no website listed, only social media (verify on Google Maps)",,https://www.facebook.com/savepointtattoo,+61 434 644 034,,0.0,0,645 Wynnum Road Morningside,https://www.google.com/maps/search/?api=1&query=Save+Point+Tattoo+645+Wynnum+Road+Morningside,osm:node/13298868826
58,B,Sonja Griffioen - Newborn Photography,photographer,"no website listed, only social media (verify on Google Maps)",,https://www.facebook.com/sonjagriffioen.newborns/,+61 426 987 722,,0.0,0,8 Majestic Crescent Hemmant,https://www.google.com/maps/search/?api=1&query=Sonja+Griffioen+-+Newborn+Photography+8+Majestic+Crescent+Hemmant,osm:node/11709420493
58,B,Meadowbrook Early Learning Centre,childcare,"no website listed, only social media (verify on Google Maps)",,https://www.facebook.com/meadowbrookelc/,,,0.0,0,,https://www.google.com/maps/search/?api=1&query=Meadowbrook+Early+Learning+Centre,osm:way/1243594920
58,B,Tiny Tots Physiotherapy - Kathryn Shutt,physiotherapist,"no website listed, only social media (verify on Google Maps)",,https://www.facebook.com/profile.php?id=100044607326097,+61 402 092 729,,0.0,0,33 Woodlands Drive Thornlands,https://www.google.com/maps/search/?api=1&query=Tiny+Tots+Physiotherapy+-+Kathryn+Shutt+33+Woodlands+Drive+Thornlands,osm:node/12700748167
58,B,KJ Safety Certificates/Roadworthy Certificates,mechanic,"no website listed, only social media (verify on Google Maps)",,https://facebook.com/kjsafetycertificates/,+61 490 801 133,,0.0,0,1 Possum Court,https://www.google.com/maps/search/?api=1&query=KJ+Safety+Certificates%2FRoadworthy+Certificates+1+Possum+Court,osm:node/8357331532
58,B,Sam Auto Care,mechanic,"no website listed, only social media (verify on Google Maps)",,https://www.facebook.com/p/Sam-Auto-Care-100075669889000/,+61 432 798 206,,0.0,0,,https://www.google.com/maps/search/?api=1&query=Sam+Auto+Care,osm:node/9302551688
58,B,Monster Tyres,mechanic,"no website listed, only social media (verify on Google Maps)",,https://www.facebook.com/people/Monster-Tyres/100095017035749/,+61 428 990 798,,0.0,0,26 Mining Street Bundamba,https://www.google.com/maps/search/?api=1&query=Monster+Tyres+26+Mining+Street+Bundamba,osm:node/12621638554
58,B,Microlot Coffee House,deli or specialty food,"no website listed, only social media (verify on Google Maps)",,https://www.facebook.com/pages/Microlot-Coffee-House/532108803616296,,,0.0,0,135 Riding Road Hawthorne,https://www.google.com/maps/search/?api=1&query=Microlot+Coffee+House+135+Riding+Road+Hawthorne,osm:node/4933723757
58,B,Biltong Deli,deli or specialty food,"no website listed, only social media (verify on Google Maps)",,https://www.facebook.com/SouthAfricanBiltongDeli/,,,0.0,0,2066 Moggill Road,https://www.google.com/maps/search/?api=1&query=Biltong+Deli+2066+Moggill+Road,osm:node/5231677655
58,B,Health & Nutrition,deli or specialty food,"no website listed, only social media (verify on Google Maps)",,https://www.facebook.com/people/Kenmore-Health-Nutrition/100063567670771/,,,0.0,0,,https://www.google.com/maps/search/?api=1&query=Health+%26+Nutrition,osm:node/5589512170
58,B,Kenmore Fresh,deli or specialty food,"no website listed, only social media (verify on Google Maps)",,https://www.facebook.com/kenmorefresh/,,,0.0,0,,https://www.google.com/maps/search/?api=1&query=Kenmore+Fresh,osm:node/5589514649
58,B,Greengrocers Pantry,deli or specialty food,"no website listed, only social media (verify on Google Maps)",,https://www.facebook.com/greengrocerspantry/,,,0.0,0,,https://www.google.com/maps/search/?api=1&query=Greengrocers+Pantry,osm:node/5681141101
58,B,Banyo Meat Service,deli or specialty food,"no website listed, only social media (verify on Google Maps)",,https://www.facebook.com/Banyo-meat-service-328382267317004/,,,0.0,0,,https://www.google.com/maps/search/?api=1&query=Banyo+Meat+Service,osm:node/6084356115
58,B,Bellas Fruit Market,deli or specialty food,"no website listed, only social media (verify on Google Maps)",,https://facebook.com/pages/Bellas-Fruit-Market/316006148423409,+61 7 3341 1095,,0.0,0,218 Padstow Road,https://www.google.com/maps/search/?api=1&query=Bellas+Fruit+Market+218+Padstow+Road,osm:node/6209801686
58,B,Nundah Fruit Market,deli or specialty food,"no website listed, only social media (verify on Google Maps)",,https://www.facebook.com/p/Nundah-Fruit-Market-61564367108912/,,,0.0,0,1558 Sandgate Road Nundah,https://www.google.com/maps/search/?api=1&query=Nundah+Fruit+Market+1558+Sandgate+Road+Nundah,osm:node/7736378992
58,B,Wavell Heights Gourmet Meats,deli or specialty food,"no website listed, only social media (verify on Google Maps)",,https://www.facebook.com/wavellgourmetmeats,,,0.0,0,216 Shaw Road Wavell Heights,https://www.google.com/maps/search/?api=1&query=Wavell+Heights+Gourmet+Meats+216+Shaw+Road+Wavell+Heights,osm:node/13142395959
58,B,Top Cut Butchery Quality Meats,deli or specialty food,"no website listed, only social media (verify on Google Maps)",,https://www.facebook.com/p/Top-Cut-Butcher-100064321140937/,+61 7 3133 2570,,0.0,0,North Road,https://www.google.com/maps/search/?api=1&query=Top+Cut+Butchery+Quality+Meats+North+Road,osm:node/14048130301
45,B,Forages,cafe,looks outdated (copyright 2018); missing meta description; slow to load (4.2s),,https://www.facebook.com/foragesdelicafe,,https://www.foragesdelicafe.com.au/,0.0,0,144 Indooroopilly Road,https://www.google.com/maps/search/?api=1&query=Forages+144+Indooroopilly+Road,osm:node/2847475389
45,B,Lilong West End,restaurant,looks outdated (copyright 2022); missing meta description; slow to load (4.8s),https://www.instagram.com/tasteofshanghai,https://www.facebook.com/tasteofshanghaiaus,+61 478 235 886,https://tasteofshanghai.com.au/lilong-2/,0.0,0,79 Boundary Street,https://www.google.com/maps/search/?api=1&query=Lilong+West+End+79+Boundary+Street,osm:node/13821294701
45,B,Flour & Chocolate Patisserie,bakery,looks outdated (copyright 2022); missing meta description; slow to load (3.0s),http://instagram.com/flourandchocolate,https://www.facebook.com/FlourAndChocolate,,flourandchocolate.com.au,0.0,0,621 Wynnum Road Morningside,https://www.google.com/maps/search/?api=1&query=Flour+%26+Chocolate+Patisserie+621+Wynnum+Road+Morningside,osm:node/4052151267
45,B,Fit N Fab Fitness,gym or studio,looks outdated (copyright 2021); missing meta description; slow to load (6.4s),https://www.instagram.com/fitnfabfitness,https://www.facebook.com/fitty.fabbo.7,,https://www.fitnfab.com.au/,0.0,0,101 Valley Way Mount Cotton,https://www.google.com/maps/search/?api=1&query=Fit+N+Fab+Fitness+101+Valley+Way+Mount+Cotton,osm:node/9921086908
45,B,NeuroHAB / Functional Movement Training Centre,gym or studio,looks outdated (copyright 2023); missing meta description; slow to load (3.5s),https://www.instagram.com/neurohab_movement_therapy,https://www.facebook.com/FunctionalMovementTraining,+61 7 3255 9356,https://www.fmtc.com.au/,0.0,0,19-21 Lucinda Street,https://www.google.com/maps/search/?api=1&query=NeuroHAB+%2F+Functional+Movement+Training+Centre+19-21+Lucinda+Street,osm:node/13415030102
45,B,Parkinson Veterinary Surgery,pet business,looks outdated (copyright 2020); missing meta description; slow to load (3.5s),https://www.instagram.com/parkinsonvetsurgery,https://www.facebook.com/parkinsonvetclinic,,https://parkinsonvet.com.au/,0.0,0,2 Menser Street Calamvale,https://www.google.com/maps/search/?api=1&query=Parkinson+Veterinary+Surgery+2+Menser+Street+Calamvale,osm:way/1347900024
45,B,Little Bouncing Bears Early Learning Centre,childcare,looks outdated (copyright 2023); missing meta description; slow to load (3.7s),,https://www.facebook.com/littlebouncingbears,,https://littlebouncingbears.com.au/,0.0,0,7 Link Street Upper Mount Gravatt,https://www.google.com/maps/search/?api=1&query=Little+Bouncing+Bears+Early+Learning+Centre+7+Link+Street+Upper+Mount+Gravatt,osm:way/1198162438
45,B,Graceville Dental Surgery,dentist,looks outdated (copyright 2020); missing meta description; slow to load (3.9s),,https://www.facebook.com/gracevilledentalsurgery,+61 7 3379 1328,https://gracevilledentalsurgery.com.au/,0.0,0,273 Honour Avenue Graceville,https://www.google.com/maps/search/?api=1&query=Graceville+Dental+Surgery+273+Honour+Avenue+Graceville,osm:way/1037464960
42,B,Maru,restaurant,not mobile-friendly (no viewport tag); missing meta description,,http://www.facebook.com/pages/Maru-Korean-Restaurant/170697606348616,,https://marukoreanbbq.weebly.com/,0.0,0,157 Elizabeth Street,https://www.google.com/maps/search/?api=1&query=Maru+157+Elizabeth+Street,osm:node/3128714758
42,B,Boba Chicken,takeaway,not mobile-friendly (no viewport tag); missing meta description,,https://www.facebook.com/login,,www.bobachicken.com,0.0,0,57 Musk Avenue Kelvin Grove,https://www.google.com/maps/search/?api=1&query=Boba+Chicken+57+Musk+Avenue+Kelvin+Grove,osm:node/739081811
42,B,Contrasts Hair Studio,barber or hairdresser,not mobile-friendly (no viewport tag); missing meta description,,https://www.facebook.com/Contrastshairstudio,+61 7 3356 4433,https://contrasts.com.au/,0.0,0,82 Days Road Grange,https://www.google.com/maps/search/?api=1&query=Contrasts+Hair+Studio+82+Days+Road+Grange,osm:node/760188217
42,B,Bellbowrie Vet,pet business,not mobile-friendly (no viewport tag); missing meta description,,https://www.facebook.com/profile.php,,https://bellbowrievet.com.au/,0.0,0,,https://www.google.com/maps/search/?api=1&query=Bellbowrie+Vet,osm:node/5629700801
42,B,Atlan Stormwater,trades,no HTTPS (browser shows 'Not secure'); slow to load (3.1s),https://www.instagram.com/atlanstormwater,https://www.facebook.com/atlanstormwater,+61 7 3271 6960,https://atlan.com.au/contact/,0.0,0,,https://www.google.com/maps/search/?api=1&query=Atlan+Stormwater,osm:node/12143393419
